action,step,epoch,loss,lr,grad_norm,max_memory_allocated_mb,max_memory_reserved_mb,run_root
MIXED,1,0,0.00633099814876914,3.3333333333333335e-05,0.009413301013410091,59775.40478515625,61230.0,/wuqingyaoa800/qiuziyan/LoReflection/outputs/qwen_semantic_repair4_medium_v1/MIXED_80/gpu2_rank32_320steps
MIXED,2,0,0.0029226457700133324,3.3333333333333335e-05,0.006606414448469877,60688.71142578125,61618.0,/wuqingyaoa800/qiuziyan/LoReflection/outputs/qwen_semantic_repair4_medium_v1/MIXED_80/gpu2_rank32_320steps
MIXED,3,0,0.0006778461392968893,3.3333333333333335e-05,0.003090103156864643,60688.71142578125,61670.0,/wuqingyaoa800/qiuziyan/LoReflection/outputs/qwen_semantic_repair4_medium_v1/MIXED_80/gpu2_rank32_320steps
MIXED,4,0,0.0038755801506340504,3.3333333333333335e-05,0.00986418966203928,60693.88232421875,61670.0,/wuqingyaoa800/qiuziyan/LoReflection/outputs/qwen_semantic_repair4_medium_v1/MIXED_80/gpu2_rank32_320steps
MIXED,5,0,0.0041679139249026775,0.0001,0.009740276262164116,60693.88232421875,61670.0,/wuqingyaoa800/qiuziyan/LoReflection/outputs/qwen_semantic_repair4_medium_v1/MIXED_80/gpu2_rank32_320steps
MIXED,6,0,0.005382317118346691,0.0001,0.0091535784304142,60693.88232421875,61670.0,/wuqingyaoa800/qiuziyan/LoReflection/outputs/qwen_semantic_repair4_medium_v1/MIXED_80/gpu2_rank32_320steps
MIXED,7,0,0.0006839456618763506,0.0001,0.0011363949161022902,60693.88232421875,61670.0,/wuqingyaoa800/qiuziyan/LoReflection/outputs/qwen_semantic_repair4_medium_v1/MIXED_80/gpu2_rank32_320steps
MIXED,8,0,0.0018486939370632172,0.0001,0.00728104030713439,60693.88232421875,61670.0,/wuqingyaoa800/qiuziyan/LoReflection/outputs/qwen_semantic_repair4_medium_v1/MIXED_80/gpu2_rank32_320steps
MIXED,9,0,0.005878685042262077,0.0001,0.006154423113912344,60693.88232421875,61670.0,/wuqingyaoa800/qiuziyan/LoReflection/outputs/qwen_semantic_repair4_medium_v1/MIXED_80/gpu2_rank32_320steps
MIXED,10,0,0.0031662993133068085,0.0001,0.024743447080254555,60693.88232421875,61670.0,/wuqingyaoa800/qiuziyan/LoReflection/outputs/qwen_semantic_repair4_medium_v1/MIXED_80/gpu2_rank32_320steps
MIXED,11,0,0.008351822383701801,0.0001,0.011972193606197834,60693.88232421875,61670.0,/wuqingyaoa800/qiuziyan/LoReflection/outputs/qwen_semantic_repair4_medium_v1/MIXED_80/gpu2_rank32_320steps
MIXED,12,0,0.003929818980395794,0.0001,0.02567998133599758,60693.88232421875,61670.0,/wuqingyaoa800/qiuziyan/LoReflection/outputs/qwen_semantic_repair4_medium_v1/MIXED_80/gpu2_rank32_320steps
MIXED,13,0,0.007816518656909466,0.0001,0.009699427522718906,60693.88232421875,61670.0,/wuqingyaoa800/qiuziyan/LoReflection/outputs/qwen_semantic_repair4_medium_v1/MIXED_80/gpu2_rank32_320steps
MIXED,14,0,0.0012393849901854992,0.0001,0.00475869607180357,60693.88232421875,61670.0,/wuqingyaoa800/qiuziyan/LoReflection/outputs/qwen_semantic_repair4_medium_v1/MIXED_80/gpu2_rank32_320steps
MIXED,15,0,0.008675669319927692,0.0001,0.010255836881697178,60693.88232421875,61670.0,/wuqingyaoa800/qiuziyan/LoReflection/outputs/qwen_semantic_repair4_medium_v1/MIXED_80/gpu2_rank32_320steps
MIXED,16,0,0.006421728990972042,0.0001,0.026591815054416656,60693.88232421875,61670.0,/wuqingyaoa800/qiuziyan/LoReflection/outputs/qwen_semantic_repair4_medium_v1/MIXED_80/gpu2_rank32_320steps
MIXED,17,0,0.0036613037809729576,0.0001,0.010764839127659798,60693.88232421875,61670.0,/wuqingyaoa800/qiuziyan/LoReflection/outputs/qwen_semantic_repair4_medium_v1/MIXED_80/gpu2_rank32_320steps
MIXED,18,0,0.005070715211331844,0.0001,0.005132208578288555,60693.88232421875,61670.0,/wuqingyaoa800/qiuziyan/LoReflection/outputs/qwen_semantic_repair4_medium_v1/MIXED_80/gpu2_rank32_320steps
MIXED,19,0,0.01296649593859911,0.0001,0.03732705116271973,60693.88232421875,61670.0,/wuqingyaoa800/qiuziyan/LoReflection/outputs/qwen_semantic_repair4_medium_v1/MIXED_80/gpu2_rank32_320steps
MIXED,20,0,0.007727630436420441,0.0001,0.017204666510224342,60693.88232421875,61670.0,/wuqingyaoa800/qiuziyan/LoReflection/outputs/qwen_semantic_repair4_medium_v1/MIXED_80/gpu2_rank32_320steps
MIXED,21,0,0.0042136781848967075,0.0001,0.011215155944228172,60680.4189453125,61670.0,/wuqingyaoa800/qiuziyan/LoReflection/outputs/qwen_semantic_repair4_medium_v1/MIXED_80/gpu2_rank32_320steps
MIXED,22,0,0.0012740569654852152,0.0001,0.0012494424590840936,60693.88232421875,61670.0,/wuqingyaoa800/qiuziyan/LoReflection/outputs/qwen_semantic_repair4_medium_v1/MIXED_80/gpu2_rank32_320steps
MIXED,23,0,0.00497239176183939,0.0001,0.011532597243785858,60693.88232421875,61670.0,/wuqingyaoa800/qiuziyan/LoReflection/outputs/qwen_semantic_repair4_medium_v1/MIXED_80/gpu2_rank32_320steps
MIXED,24,0,0.0010164279956370592,0.0001,0.006598436273634434,60693.88232421875,61670.0,/wuqingyaoa800/qiuziyan/LoReflection/outputs/qwen_semantic_repair4_medium_v1/MIXED_80/gpu2_rank32_320steps
MIXED,25,0,0.0026687022764235735,0.0001,0.004135597962886095,60693.88232421875,61670.0,/wuqingyaoa800/qiuziyan/LoReflection/outputs/qwen_semantic_repair4_medium_v1/MIXED_80/gpu2_rank32_320steps
MIXED,26,0,0.004288168158382177,0.0001,0.005426652263849974,60693.88232421875,61670.0,/wuqingyaoa800/qiuziyan/LoReflection/outputs/qwen_semantic_repair4_medium_v1/MIXED_80/gpu2_rank32_320steps
MIXED,27,0,0.0028928089886903763,0.0001,0.00358369667083025,60693.88232421875,61670.0,/wuqingyaoa800/qiuziyan/LoReflection/outputs/qwen_semantic_repair4_medium_v1/MIXED_80/gpu2_rank32_320steps
MIXED,28,0,0.0019060844788327813,0.0001,0.003968621604144573,60693.88232421875,61670.0,/wuqingyaoa800/qiuziyan/LoReflection/outputs/qwen_semantic_repair4_medium_v1/MIXED_80/gpu2_rank32_320steps
MIXED,29,0,0.0033747535198926926,0.0001,0.01215424109250307,60693.88232421875,61670.0,/wuqingyaoa800/qiuziyan/LoReflection/outputs/qwen_semantic_repair4_medium_v1/MIXED_80/gpu2_rank32_320steps
MIXED,30,0,0.0023048282600939274,0.0001,0.0025931410491466522,60693.88232421875,61670.0,/wuqingyaoa800/qiuziyan/LoReflection/outputs/qwen_semantic_repair4_medium_v1/MIXED_80/gpu2_rank32_320steps
MIXED,31,0,0.004026573151350021,0.0001,0.003113199258223176,60690.43408203125,61670.0,/wuqingyaoa800/qiuziyan/LoReflection/outputs/qwen_semantic_repair4_medium_v1/MIXED_80/gpu2_rank32_320steps
MIXED,32,0,0.006973037030547857,0.0001,0.018602728843688965,60690.43408203125,61670.0,/wuqingyaoa800/qiuziyan/LoReflection/outputs/qwen_semantic_repair4_medium_v1/MIXED_80/gpu2_rank32_320steps
MIXED,33,0,0.007620546035468578,0.0001,0.018307870253920555,60690.43408203125,61670.0,/wuqingyaoa800/qiuziyan/LoReflection/outputs/qwen_semantic_repair4_medium_v1/MIXED_80/gpu2_rank32_320steps
MIXED,34,0,0.0012475794646888971,0.0001,0.001763367559760809,60693.88232421875,61670.0,/wuqingyaoa800/qiuziyan/LoReflection/outputs/qwen_semantic_repair4_medium_v1/MIXED_80/gpu2_rank32_320steps
MIXED,35,0,0.004075784236192703,0.0001,0.006311512552201748,60693.88232421875,61670.0,/wuqingyaoa800/qiuziyan/LoReflection/outputs/qwen_semantic_repair4_medium_v1/MIXED_80/gpu2_rank32_320steps
MIXED,36,0,0.007824881002306938,0.0001,0.010201620869338512,60693.88232421875,61670.0,/wuqingyaoa800/qiuziyan/LoReflection/outputs/qwen_semantic_repair4_medium_v1/MIXED_80/gpu2_rank32_320steps
MIXED,37,0,0.0033991984091699123,0.0001,0.014405064284801483,60693.88232421875,61670.0,/wuqingyaoa800/qiuziyan/LoReflection/outputs/qwen_semantic_repair4_medium_v1/MIXED_80/gpu2_rank32_320steps
MIXED,38,0,0.0006432731752283871,0.0001,0.0031020776368677616,60693.88232421875,61670.0,/wuqingyaoa800/qiuziyan/LoReflection/outputs/qwen_semantic_repair4_medium_v1/MIXED_80/gpu2_rank32_320steps
MIXED,39,0,0.001065147458575666,0.0001,0.0027850845362991095,60693.88232421875,61670.0,/wuqingyaoa800/qiuziyan/LoReflection/outputs/qwen_semantic_repair4_medium_v1/MIXED_80/gpu2_rank32_320steps
MIXED,40,0,0.013377680443227291,0.0001,0.028606433421373367,60693.88232421875,61670.0,/wuqingyaoa800/qiuziyan/LoReflection/outputs/qwen_semantic_repair4_medium_v1/MIXED_80/gpu2_rank32_320steps
MIXED,41,0,0.0038887460250407457,0.0001,0.010220122523605824,60688.71142578125,61670.0,/wuqingyaoa800/qiuziyan/LoReflection/outputs/qwen_semantic_repair4_medium_v1/MIXED_80/gpu2_rank32_320steps
MIXED,42,0,0.0029988791793584824,0.0001,0.0038349551614373922,60693.88232421875,61670.0,/wuqingyaoa800/qiuziyan/LoReflection/outputs/qwen_semantic_repair4_medium_v1/MIXED_80/gpu2_rank32_320steps
MIXED,43,0,0.0033144468907266855,0.0001,0.011344471015036106,60693.88232421875,61670.0,/wuqingyaoa800/qiuziyan/LoReflection/outputs/qwen_semantic_repair4_medium_v1/MIXED_80/gpu2_rank32_320steps
MIXED,44,0,0.005931781604886055,0.0001,0.014315169304609299,60693.88232421875,61670.0,/wuqingyaoa800/qiuziyan/LoReflection/outputs/qwen_semantic_repair4_medium_v1/MIXED_80/gpu2_rank32_320steps
MIXED,45,0,0.0008558123954571784,0.0001,0.002261869376525283,60693.88232421875,61670.0,/wuqingyaoa800/qiuziyan/LoReflection/outputs/qwen_semantic_repair4_medium_v1/MIXED_80/gpu2_rank32_320steps
MIXED,46,0,0.002149250591173768,0.0001,0.011700126342475414,60693.88232421875,61670.0,/wuqingyaoa800/qiuziyan/LoReflection/outputs/qwen_semantic_repair4_medium_v1/MIXED_80/gpu2_rank32_320steps
MIXED,47,0,0.005524287931621075,0.0001,0.007777245715260506,60693.88232421875,61670.0,/wuqingyaoa800/qiuziyan/LoReflection/outputs/qwen_semantic_repair4_medium_v1/MIXED_80/gpu2_rank32_320steps
MIXED,48,0,0.00448192935436964,0.0001,0.015747860074043274,60693.88232421875,61670.0,/wuqingyaoa800/qiuziyan/LoReflection/outputs/qwen_semantic_repair4_medium_v1/MIXED_80/gpu2_rank32_320steps
MIXED,49,0,0.0031047023367136717,0.0001,0.012614316307008266,60693.88232421875,61670.0,/wuqingyaoa800/qiuziyan/LoReflection/outputs/qwen_semantic_repair4_medium_v1/MIXED_80/gpu2_rank32_320steps
MIXED,50,0,0.014055845327675343,0.0001,0.021620843559503555,60693.88232421875,61670.0,/wuqingyaoa800/qiuziyan/LoReflection/outputs/qwen_semantic_repair4_medium_v1/MIXED_80/gpu2_rank32_320steps
MIXED,51,0,0.0046681188978254795,0.0001,0.00743007380515337,60688.71142578125,61670.0,/wuqingyaoa800/qiuziyan/LoReflection/outputs/qwen_semantic_repair4_medium_v1/MIXED_80/gpu2_rank32_320steps
MIXED,52,0,0.000725311110727489,0.0001,0.0013122010277584195,60688.71142578125,61670.0,/wuqingyaoa800/qiuziyan/LoReflection/outputs/qwen_semantic_repair4_medium_v1/MIXED_80/gpu2_rank32_320steps
MIXED,53,0,0.0037388282362371683,0.0001,0.014748725108802319,60688.71142578125,61670.0,/wuqingyaoa800/qiuziyan/LoReflection/outputs/qwen_semantic_repair4_medium_v1/MIXED_80/gpu2_rank32_320steps
MIXED,54,0,0.004079325590282679,0.0001,0.0031113196164369583,60693.30810546875,61670.0,/wuqingyaoa800/qiuziyan/LoReflection/outputs/qwen_semantic_repair4_medium_v1/MIXED_80/gpu2_rank32_320steps
MIXED,55,0,0.001904588658362627,0.0001,0.0074628377333283424,60693.88232421875,61670.0,/wuqingyaoa800/qiuziyan/LoReflection/outputs/qwen_semantic_repair4_medium_v1/MIXED_80/gpu2_rank32_320steps
MIXED,56,0,0.0037772683426737785,0.0001,0.01120417658239603,60693.88232421875,61670.0,/wuqingyaoa800/qiuziyan/LoReflection/outputs/qwen_semantic_repair4_medium_v1/MIXED_80/gpu2_rank32_320steps
MIXED,57,0,0.005896972492337227,0.0001,0.004254934377968311,60693.88232421875,61670.0,/wuqingyaoa800/qiuziyan/LoReflection/outputs/qwen_semantic_repair4_medium_v1/MIXED_80/gpu2_rank32_320steps
MIXED,58,0,0.0038102054968476295,0.0001,0.005702297668904066,60693.88232421875,61670.0,/wuqingyaoa800/qiuziyan/LoReflection/outputs/qwen_semantic_repair4_medium_v1/MIXED_80/gpu2_rank32_320steps
MIXED,59,0,0.003930766601115465,0.0001,0.005316964350640774,60693.88232421875,61670.0,/wuqingyaoa800/qiuziyan/LoReflection/outputs/qwen_semantic_repair4_medium_v1/MIXED_80/gpu2_rank32_320steps
MIXED,60,0,0.003099440596997738,0.0001,0.008783211931586266,60693.88232421875,61670.0,/wuqingyaoa800/qiuziyan/LoReflection/outputs/qwen_semantic_repair4_medium_v1/MIXED_80/gpu2_rank32_320steps
MIXED,61,0,0.0012243451783433557,0.0001,0.0007140444358810782,60687.5849609375,61670.0,/wuqingyaoa800/qiuziyan/LoReflection/outputs/qwen_semantic_repair4_medium_v1/MIXED_80/gpu2_rank32_320steps
MIXED,62,0,0.002467572456225753,0.0001,0.004198787733912468,60693.88232421875,61670.0,/wuqingyaoa800/qiuziyan/LoReflection/outputs/qwen_semantic_repair4_medium_v1/MIXED_80/gpu2_rank32_320steps
MIXED,63,0,0.0031365493778139353,0.0001,0.04748058319091797,60693.88232421875,61670.0,/wuqingyaoa800/qiuziyan/LoReflection/outputs/qwen_semantic_repair4_medium_v1/MIXED_80/gpu2_rank32_320steps
MIXED,64,0,0.002002412686124444,0.0001,0.007044290658086538,60693.88232421875,61670.0,/wuqingyaoa800/qiuziyan/LoReflection/outputs/qwen_semantic_repair4_medium_v1/MIXED_80/gpu2_rank32_320steps
MIXED,65,0,0.0018405845621600747,0.0001,0.023154577240347862,60693.88232421875,61670.0,/wuqingyaoa800/qiuziyan/LoReflection/outputs/qwen_semantic_repair4_medium_v1/MIXED_80/gpu2_rank32_320steps
MIXED,66,0,0.0035857318434864283,0.0001,0.005399941932410002,60693.88232421875,61670.0,/wuqingyaoa800/qiuziyan/LoReflection/outputs/qwen_semantic_repair4_medium_v1/MIXED_80/gpu2_rank32_320steps
MIXED,67,0,0.002176812384277582,0.0001,0.015388093888759613,60693.88232421875,61670.0,/wuqingyaoa800/qiuziyan/LoReflection/outputs/qwen_semantic_repair4_medium_v1/MIXED_80/gpu2_rank32_320steps
MIXED,68,0,0.002860660431906581,0.0001,0.005952455569058657,60693.88232421875,61670.0,/wuqingyaoa800/qiuziyan/LoReflection/outputs/qwen_semantic_repair4_medium_v1/MIXED_80/gpu2_rank32_320steps
MIXED,69,0,0.003221249906346202,0.0001,0.004637532867491245,60693.88232421875,61670.0,/wuqingyaoa800/qiuziyan/LoReflection/outputs/qwen_semantic_repair4_medium_v1/MIXED_80/gpu2_rank32_320steps
MIXED,70,0,0.003080586902797222,0.0001,0.006070585455745459,60693.88232421875,61670.0,/wuqingyaoa800/qiuziyan/LoReflection/outputs/qwen_semantic_repair4_medium_v1/MIXED_80/gpu2_rank32_320steps
MIXED,71,0,0.0015791932819411159,0.0001,0.003882289631292224,60680.4189453125,61670.0,/wuqingyaoa800/qiuziyan/LoReflection/outputs/qwen_semantic_repair4_medium_v1/MIXED_80/gpu2_rank32_320steps
MIXED,72,0,0.0015278004575520754,0.0001,0.00415100296959281,60688.71142578125,61670.0,/wuqingyaoa800/qiuziyan/LoReflection/outputs/qwen_semantic_repair4_medium_v1/MIXED_80/gpu2_rank32_320steps
MIXED,73,0,0.004581173416227102,0.0001,0.027426885440945625,60688.71142578125,61670.0,/wuqingyaoa800/qiuziyan/LoReflection/outputs/qwen_semantic_repair4_medium_v1/MIXED_80/gpu2_rank32_320steps
MIXED,74,0,0.005040647927671671,0.0001,0.004910074640065432,60688.71142578125,61670.0,/wuqingyaoa800/qiuziyan/LoReflection/outputs/qwen_semantic_repair4_medium_v1/MIXED_80/gpu2_rank32_320steps
MIXED,75,0,0.005385271739214659,0.0001,0.006481387186795473,60693.88232421875,61670.0,/wuqingyaoa800/qiuziyan/LoReflection/outputs/qwen_semantic_repair4_medium_v1/MIXED_80/gpu2_rank32_320steps
MIXED,76,0,0.0006096023716963828,0.0001,0.0006027686758898199,60693.88232421875,61670.0,/wuqingyaoa800/qiuziyan/LoReflection/outputs/qwen_semantic_repair4_medium_v1/MIXED_80/gpu2_rank32_320steps
MIXED,77,0,0.002892754739150405,0.0001,0.01688573695719242,60693.88232421875,61670.0,/wuqingyaoa800/qiuziyan/LoReflection/outputs/qwen_semantic_repair4_medium_v1/MIXED_80/gpu2_rank32_320steps
MIXED,78,0,0.0053362734615802765,0.0001,0.0258121769875288,60693.88232421875,61670.0,/wuqingyaoa800/qiuziyan/LoReflection/outputs/qwen_semantic_repair4_medium_v1/MIXED_80/gpu2_rank32_320steps
MIXED,79,0,0.015469563193619251,0.0001,0.02910173125565052,60693.88232421875,61670.0,/wuqingyaoa800/qiuziyan/LoReflection/outputs/qwen_semantic_repair4_medium_v1/MIXED_80/gpu2_rank32_320steps
MIXED,80,0,0.011061254888772964,0.0001,0.016897112131118774,60693.88232421875,61670.0,/wuqingyaoa800/qiuziyan/LoReflection/outputs/qwen_semantic_repair4_medium_v1/MIXED_80/gpu2_rank32_320steps
MIXED,81,1,0.0014346287352964282,0.0001,0.0031353109516203403,60680.4189453125,61670.0,/wuqingyaoa800/qiuziyan/LoReflection/outputs/qwen_semantic_repair4_medium_v1/MIXED_80/gpu2_rank32_320steps
MIXED,82,1,0.0026338999159634113,0.0001,0.0037110864650458097,60690.43408203125,61670.0,/wuqingyaoa800/qiuziyan/LoReflection/outputs/qwen_semantic_repair4_medium_v1/MIXED_80/gpu2_rank32_320steps
MIXED,83,1,0.005920462775975466,0.0001,0.0076187546364963055,60690.43408203125,61670.0,/wuqingyaoa800/qiuziyan/LoReflection/outputs/qwen_semantic_repair4_medium_v1/MIXED_80/gpu2_rank32_320steps
MIXED,84,1,0.003548253560438752,0.0001,0.015029280446469784,60690.43408203125,61670.0,/wuqingyaoa800/qiuziyan/LoReflection/outputs/qwen_semantic_repair4_medium_v1/MIXED_80/gpu2_rank32_320steps
MIXED,85,1,0.003814267460256815,0.0001,0.0043660555966198444,60690.43408203125,61670.0,/wuqingyaoa800/qiuziyan/LoReflection/outputs/qwen_semantic_repair4_medium_v1/MIXED_80/gpu2_rank32_320steps
MIXED,86,1,0.0,0.0001,0.0,60690.43408203125,61670.0,/wuqingyaoa800/qiuziyan/LoReflection/outputs/qwen_semantic_repair4_medium_v1/MIXED_80/gpu2_rank32_320steps
MIXED,87,1,0.0016455021686851978,0.0001,0.001634064014069736,60690.43408203125,61670.0,/wuqingyaoa800/qiuziyan/LoReflection/outputs/qwen_semantic_repair4_medium_v1/MIXED_80/gpu2_rank32_320steps
MIXED,88,1,0.020127443596720695,0.0001,0.039480991661548615,60690.43408203125,61670.0,/wuqingyaoa800/qiuziyan/LoReflection/outputs/qwen_semantic_repair4_medium_v1/MIXED_80/gpu2_rank32_320steps
MIXED,89,1,0.003557597752660513,0.0001,0.009193725883960724,60690.43408203125,61670.0,/wuqingyaoa800/qiuziyan/LoReflection/outputs/qwen_semantic_repair4_medium_v1/MIXED_80/gpu2_rank32_320steps
MIXED,90,1,0.00404898077249527,0.0001,0.01612495258450508,60690.43408203125,61670.0,/wuqingyaoa800/qiuziyan/LoReflection/outputs/qwen_semantic_repair4_medium_v1/MIXED_80/gpu2_rank32_320steps
MIXED,91,1,0.0024552515242248774,0.0001,0.00298602064140141,60693.88232421875,61670.0,/wuqingyaoa800/qiuziyan/LoReflection/outputs/qwen_semantic_repair4_medium_v1/MIXED_80/gpu2_rank32_320steps
MIXED,92,1,0.0013375775888562202,0.0001,0.005803799256682396,60693.88232421875,61670.0,/wuqingyaoa800/qiuziyan/LoReflection/outputs/qwen_semantic_repair4_medium_v1/MIXED_80/gpu2_rank32_320steps
MIXED,93,1,0.001112088211812079,0.0001,0.005039182025939226,60693.88232421875,61670.0,/wuqingyaoa800/qiuziyan/LoReflection/outputs/qwen_semantic_repair4_medium_v1/MIXED_80/gpu2_rank32_320steps
MIXED,94,1,0.002632672432810068,0.0001,0.007773054763674736,60693.88232421875,61670.0,/wuqingyaoa800/qiuziyan/LoReflection/outputs/qwen_semantic_repair4_medium_v1/MIXED_80/gpu2_rank32_320steps
MIXED,95,1,0.0047001913189888,0.0001,0.012317351065576077,60693.88232421875,61670.0,/wuqingyaoa800/qiuziyan/LoReflection/outputs/qwen_semantic_repair4_medium_v1/MIXED_80/gpu2_rank32_320steps
MIXED,96,1,0.0043649859726428986,0.0001,0.007069594692438841,60693.88232421875,61670.0,/wuqingyaoa800/qiuziyan/LoReflection/outputs/qwen_semantic_repair4_medium_v1/MIXED_80/gpu2_rank32_320steps
MIXED,97,1,0.004311819095164537,0.0001,0.006558114662766457,60693.88232421875,61670.0,/wuqingyaoa800/qiuziyan/LoReflection/outputs/qwen_semantic_repair4_medium_v1/MIXED_80/gpu2_rank32_320steps
MIXED,98,1,0.0026060668751597404,0.0001,0.002762028481811285,60693.88232421875,61670.0,/wuqingyaoa800/qiuziyan/LoReflection/outputs/qwen_semantic_repair4_medium_v1/MIXED_80/gpu2_rank32_320steps
MIXED,99,1,0.016426987946033478,0.0001,0.0477471761405468,60693.88232421875,61670.0,/wuqingyaoa800/qiuziyan/LoReflection/outputs/qwen_semantic_repair4_medium_v1/MIXED_80/gpu2_rank32_320steps
MIXED,100,1,0.0028803774621337652,0.0001,0.007969073951244354,60693.88232421875,61670.0,/wuqingyaoa800/qiuziyan/LoReflection/outputs/qwen_semantic_repair4_medium_v1/MIXED_80/gpu2_rank32_320steps
MIXED,101,1,0.002673228969797492,0.0001,0.010802174918353558,60688.71142578125,61670.0,/wuqingyaoa800/qiuziyan/LoReflection/outputs/qwen_semantic_repair4_medium_v1/MIXED_80/gpu2_rank32_320steps
MIXED,102,1,0.005502146668732166,0.0001,0.032584480941295624,60688.71142578125,61670.0,/wuqingyaoa800/qiuziyan/LoReflection/outputs/qwen_semantic_repair4_medium_v1/MIXED_80/gpu2_rank32_320steps
MIXED,103,1,0.0016487999819219112,0.0001,0.0013445387594401836,60693.88232421875,61670.0,/wuqingyaoa800/qiuziyan/LoReflection/outputs/qwen_semantic_repair4_medium_v1/MIXED_80/gpu2_rank32_320steps
MIXED,104,1,0.002548112068325281,0.0001,0.004627648275345564,60693.88232421875,61670.0,/wuqingyaoa800/qiuziyan/LoReflection/outputs/qwen_semantic_repair4_medium_v1/MIXED_80/gpu2_rank32_320steps
MIXED,105,1,0.0023003718815743923,0.0001,0.010673508048057556,60693.88232421875,61670.0,/wuqingyaoa800/qiuziyan/LoReflection/outputs/qwen_semantic_repair4_medium_v1/MIXED_80/gpu2_rank32_320steps
MIXED,106,1,0.0036214932333678007,0.0001,0.00936832744628191,60693.88232421875,61670.0,/wuqingyaoa800/qiuziyan/LoReflection/outputs/qwen_semantic_repair4_medium_v1/MIXED_80/gpu2_rank32_320steps
MIXED,107,1,0.0027710336726158857,0.0001,0.01720222271978855,60693.88232421875,61670.0,/wuqingyaoa800/qiuziyan/LoReflection/outputs/qwen_semantic_repair4_medium_v1/MIXED_80/gpu2_rank32_320steps
MIXED,108,1,0.0007388496305793524,0.0001,0.0020939114037901163,60693.88232421875,61670.0,/wuqingyaoa800/qiuziyan/LoReflection/outputs/qwen_semantic_repair4_medium_v1/MIXED_80/gpu2_rank32_320steps
MIXED,109,1,0.003244503168389201,0.0001,0.003956209868192673,60693.88232421875,61670.0,/wuqingyaoa800/qiuziyan/LoReflection/outputs/qwen_semantic_repair4_medium_v1/MIXED_80/gpu2_rank32_320steps
MIXED,110,1,0.003898053430020809,0.0001,0.007995201274752617,60693.88232421875,61670.0,/wuqingyaoa800/qiuziyan/LoReflection/outputs/qwen_semantic_repair4_medium_v1/MIXED_80/gpu2_rank32_320steps
MIXED,111,1,0.004321074578911066,0.0001,0.006859900895506144,60693.30810546875,61670.0,/wuqingyaoa800/qiuziyan/LoReflection/outputs/qwen_semantic_repair4_medium_v1/MIXED_80/gpu2_rank32_320steps
MIXED,112,1,0.004177266266196966,0.0001,0.015076246112585068,60693.88232421875,61670.0,/wuqingyaoa800/qiuziyan/LoReflection/outputs/qwen_semantic_repair4_medium_v1/MIXED_80/gpu2_rank32_320steps
MIXED,113,1,0.00514481496065855,0.0001,0.006685143336653709,60693.88232421875,61670.0,/wuqingyaoa800/qiuziyan/LoReflection/outputs/qwen_semantic_repair4_medium_v1/MIXED_80/gpu2_rank32_320steps
MIXED,114,1,0.003616439877077937,0.0001,0.005749336443841457,60693.88232421875,61670.0,/wuqingyaoa800/qiuziyan/LoReflection/outputs/qwen_semantic_repair4_medium_v1/MIXED_80/gpu2_rank32_320steps
MIXED,115,1,0.0039031910710036755,0.0001,0.016559293493628502,60693.88232421875,61670.0,/wuqingyaoa800/qiuziyan/LoReflection/outputs/qwen_semantic_repair4_medium_v1/MIXED_80/gpu2_rank32_320steps
MIXED,116,1,0.0021621256601065397,0.0001,0.0031364529859274626,60693.88232421875,61670.0,/wuqingyaoa800/qiuziyan/LoReflection/outputs/qwen_semantic_repair4_medium_v1/MIXED_80/gpu2_rank32_320steps
MIXED,117,1,0.001621209317818284,0.0001,0.009809734299778938,60693.88232421875,61670.0,/wuqingyaoa800/qiuziyan/LoReflection/outputs/qwen_semantic_repair4_medium_v1/MIXED_80/gpu2_rank32_320steps
MIXED,118,1,0.003472518641501665,0.0001,0.005412789061665535,60693.88232421875,61670.0,/wuqingyaoa800/qiuziyan/LoReflection/outputs/qwen_semantic_repair4_medium_v1/MIXED_80/gpu2_rank32_320steps
MIXED,119,1,0.0026437463238835335,0.0001,0.003580864053219557,60693.88232421875,61670.0,/wuqingyaoa800/qiuziyan/LoReflection/outputs/qwen_semantic_repair4_medium_v1/MIXED_80/gpu2_rank32_320steps
MIXED,120,1,0.003067285055294633,0.0001,0.012362973764538765,60693.88232421875,61670.0,/wuqingyaoa800/qiuziyan/LoReflection/outputs/qwen_semantic_repair4_medium_v1/MIXED_80/gpu2_rank32_320steps
MIXED,121,1,0.0008746541570872068,0.0001,0.0030310743022710085,60688.71142578125,61670.0,/wuqingyaoa800/qiuziyan/LoReflection/outputs/qwen_semantic_repair4_medium_v1/MIXED_80/gpu2_rank32_320steps
MIXED,122,1,0.001725357724353671,0.0001,0.0013194055063650012,60688.71142578125,61670.0,/wuqingyaoa800/qiuziyan/LoReflection/outputs/qwen_semantic_repair4_medium_v1/MIXED_80/gpu2_rank32_320steps
MIXED,123,1,0.003914274740964174,0.0001,0.012960169464349747,60688.71142578125,61670.0,/wuqingyaoa800/qiuziyan/LoReflection/outputs/qwen_semantic_repair4_medium_v1/MIXED_80/gpu2_rank32_320steps
MIXED,124,1,0.002423122525215149,0.0001,0.00754073541611433,60693.88232421875,61670.0,/wuqingyaoa800/qiuziyan/LoReflection/outputs/qwen_semantic_repair4_medium_v1/MIXED_80/gpu2_rank32_320steps
MIXED,125,1,0.007733200676739216,0.0001,0.006616982631385326,60693.88232421875,61670.0,/wuqingyaoa800/qiuziyan/LoReflection/outputs/qwen_semantic_repair4_medium_v1/MIXED_80/gpu2_rank32_320steps
MIXED,126,1,0.002116806572303176,0.0001,0.004501796327531338,60693.88232421875,61670.0,/wuqingyaoa800/qiuziyan/LoReflection/outputs/qwen_semantic_repair4_medium_v1/MIXED_80/gpu2_rank32_320steps
MIXED,127,1,0.002363792387768626,0.0001,0.002258538268506527,60693.88232421875,61670.0,/wuqingyaoa800/qiuziyan/LoReflection/outputs/qwen_semantic_repair4_medium_v1/MIXED_80/gpu2_rank32_320steps
MIXED,128,1,0.005027801264077425,0.0001,0.019502175971865654,60693.88232421875,61670.0,/wuqingyaoa800/qiuziyan/LoReflection/outputs/qwen_semantic_repair4_medium_v1/MIXED_80/gpu2_rank32_320steps
MIXED,129,1,0.0025322549045085907,0.0001,0.005211672279983759,60693.88232421875,61670.0,/wuqingyaoa800/qiuziyan/LoReflection/outputs/qwen_semantic_repair4_medium_v1/MIXED_80/gpu2_rank32_320steps
MIXED,130,1,0.00045303060323931277,0.0001,0.0016578339273110032,60693.88232421875,61670.0,/wuqingyaoa800/qiuziyan/LoReflection/outputs/qwen_semantic_repair4_medium_v1/MIXED_80/gpu2_rank32_320steps
MIXED,131,1,0.0026766322553157806,0.0001,0.008657101541757584,60693.88232421875,61670.0,/wuqingyaoa800/qiuziyan/LoReflection/outputs/qwen_semantic_repair4_medium_v1/MIXED_80/gpu2_rank32_320steps
MIXED,132,1,0.0007244768785312772,0.0001,0.0018938271095976233,60693.88232421875,61670.0,/wuqingyaoa800/qiuziyan/LoReflection/outputs/qwen_semantic_repair4_medium_v1/MIXED_80/gpu2_rank32_320steps
MIXED,133,1,0.0012772681657224894,0.0001,0.0038442430086433887,60693.88232421875,61670.0,/wuqingyaoa800/qiuziyan/LoReflection/outputs/qwen_semantic_repair4_medium_v1/MIXED_80/gpu2_rank32_320steps
MIXED,134,1,0.0007844597566872835,0.0001,0.005948575213551521,60693.88232421875,61670.0,/wuqingyaoa800/qiuziyan/LoReflection/outputs/qwen_semantic_repair4_medium_v1/MIXED_80/gpu2_rank32_320steps
MIXED,135,1,0.0026606032624840736,0.0001,0.01279447227716446,60693.88232421875,61670.0,/wuqingyaoa800/qiuziyan/LoReflection/outputs/qwen_semantic_repair4_medium_v1/MIXED_80/gpu2_rank32_320steps
MIXED,136,1,0.007278652861714363,0.0001,0.0076979342848062515,60693.88232421875,61670.0,/wuqingyaoa800/qiuziyan/LoReflection/outputs/qwen_semantic_repair4_medium_v1/MIXED_80/gpu2_rank32_320steps
MIXED,137,1,0.0007216756348498166,0.0001,0.0024503706954419613,60693.88232421875,61670.0,/wuqingyaoa800/qiuziyan/LoReflection/outputs/qwen_semantic_repair4_medium_v1/MIXED_80/gpu2_rank32_320steps
MIXED,138,1,0.011333676986396313,0.0001,0.012588373385369778,60693.88232421875,61670.0,/wuqingyaoa800/qiuziyan/LoReflection/outputs/qwen_semantic_repair4_medium_v1/MIXED_80/gpu2_rank32_320steps
MIXED,139,1,0.003205750836059451,0.0001,0.0029620365239679813,60693.88232421875,61670.0,/wuqingyaoa800/qiuziyan/LoReflection/outputs/qwen_semantic_repair4_medium_v1/MIXED_80/gpu2_rank32_320steps
MIXED,140,1,0.0007816594443283975,0.0001,0.0011400863295421004,60693.88232421875,61670.0,/wuqingyaoa800/qiuziyan/LoReflection/outputs/qwen_semantic_repair4_medium_v1/MIXED_80/gpu2_rank32_320steps
MIXED,141,1,0.015659132972359657,0.0001,0.059644393622875214,60687.5849609375,61670.0,/wuqingyaoa800/qiuziyan/LoReflection/outputs/qwen_semantic_repair4_medium_v1/MIXED_80/gpu2_rank32_320steps
MIXED,142,1,0.003546859137713909,0.0001,0.004206110257655382,60689.28564453125,61670.0,/wuqingyaoa800/qiuziyan/LoReflection/outputs/qwen_semantic_repair4_medium_v1/MIXED_80/gpu2_rank32_320steps
MIXED,143,1,0.01050915103405714,0.0001,0.00981027539819479,60692.73388671875,61670.0,/wuqingyaoa800/qiuziyan/LoReflection/outputs/qwen_semantic_repair4_medium_v1/MIXED_80/gpu2_rank32_320steps
MIXED,144,1,0.0012972081312909722,0.0001,0.0012144295033067465,60692.73388671875,61670.0,/wuqingyaoa800/qiuziyan/LoReflection/outputs/qwen_semantic_repair4_medium_v1/MIXED_80/gpu2_rank32_320steps
MIXED,145,1,0.006284587550908327,0.0001,0.021671615540981293,60692.73388671875,61670.0,/wuqingyaoa800/qiuziyan/LoReflection/outputs/qwen_semantic_repair4_medium_v1/MIXED_80/gpu2_rank32_320steps
MIXED,146,1,0.0030427328310906887,0.0001,0.015091482549905777,60692.73388671875,61670.0,/wuqingyaoa800/qiuziyan/LoReflection/outputs/qwen_semantic_repair4_medium_v1/MIXED_80/gpu2_rank32_320steps
MIXED,147,1,0.0006945647764950991,0.0001,0.0010780259035527706,60692.73388671875,61670.0,/wuqingyaoa800/qiuziyan/LoReflection/outputs/qwen_semantic_repair4_medium_v1/MIXED_80/gpu2_rank32_320steps
MIXED,148,1,0.003511161543428898,0.0001,0.010276340879499912,60692.73388671875,61670.0,/wuqingyaoa800/qiuziyan/LoReflection/outputs/qwen_semantic_repair4_medium_v1/MIXED_80/gpu2_rank32_320steps
MIXED,149,1,0.0033925101161003113,0.0001,0.006587302777916193,60693.88232421875,61670.0,/wuqingyaoa800/qiuziyan/LoReflection/outputs/qwen_semantic_repair4_medium_v1/MIXED_80/gpu2_rank32_320steps
MIXED,150,1,0.004959339741617441,0.0001,0.07839615643024445,60693.88232421875,61670.0,/wuqingyaoa800/qiuziyan/LoReflection/outputs/qwen_semantic_repair4_medium_v1/MIXED_80/gpu2_rank32_320steps
MIXED,151,1,0.005722905043512583,0.0001,0.004536043386906385,60688.71142578125,61670.0,/wuqingyaoa800/qiuziyan/LoReflection/outputs/qwen_semantic_repair4_medium_v1/MIXED_80/gpu2_rank32_320steps
MIXED,152,1,0.005500045605003834,0.0001,0.013184567913413048,60693.88232421875,61670.0,/wuqingyaoa800/qiuziyan/LoReflection/outputs/qwen_semantic_repair4_medium_v1/MIXED_80/gpu2_rank32_320steps
MIXED,153,1,0.003541950136423111,0.0001,0.003316567512229085,60693.88232421875,61670.0,/wuqingyaoa800/qiuziyan/LoReflection/outputs/qwen_semantic_repair4_medium_v1/MIXED_80/gpu2_rank32_320steps
MIXED,154,1,0.0014092312194406986,0.0001,0.010920929722487926,60693.88232421875,61670.0,/wuqingyaoa800/qiuziyan/LoReflection/outputs/qwen_semantic_repair4_medium_v1/MIXED_80/gpu2_rank32_320steps
MIXED,155,1,0.003989221062511206,0.0001,0.0025170850567519665,60693.88232421875,61670.0,/wuqingyaoa800/qiuziyan/LoReflection/outputs/qwen_semantic_repair4_medium_v1/MIXED_80/gpu2_rank32_320steps
MIXED,156,1,0.007251913193613291,0.0001,0.01612328179180622,60693.88232421875,61670.0,/wuqingyaoa800/qiuziyan/LoReflection/outputs/qwen_semantic_repair4_medium_v1/MIXED_80/gpu2_rank32_320steps
MIXED,157,1,0.001397840678691864,0.0001,0.001913064974360168,60693.88232421875,61670.0,/wuqingyaoa800/qiuziyan/LoReflection/outputs/qwen_semantic_repair4_medium_v1/MIXED_80/gpu2_rank32_320steps
MIXED,158,1,0.002170166000723839,0.0001,0.005946233868598938,60693.88232421875,61670.0,/wuqingyaoa800/qiuziyan/LoReflection/outputs/qwen_semantic_repair4_medium_v1/MIXED_80/gpu2_rank32_320steps
MIXED,159,1,0.0025496287271380424,0.0001,0.010913106612861156,60693.88232421875,61670.0,/wuqingyaoa800/qiuziyan/LoReflection/outputs/qwen_semantic_repair4_medium_v1/MIXED_80/gpu2_rank32_320steps
MIXED,160,1,0.0011136019602417946,0.0001,0.0022011564578861,60693.88232421875,61670.0,/wuqingyaoa800/qiuziyan/LoReflection/outputs/qwen_semantic_repair4_medium_v1/MIXED_80/gpu2_rank32_320steps
MIXED,161,2,0.0024507197085767984,0.0001,0.010048002935945988,60691.58544921875,61670.0,/wuqingyaoa800/qiuziyan/LoReflection/outputs/qwen_semantic_repair4_medium_v1/MIXED_80/gpu2_rank32_320steps
MIXED,162,2,0.004403652623295784,0.0001,0.015349461697041988,60691.58544921875,61670.0,/wuqingyaoa800/qiuziyan/LoReflection/outputs/qwen_semantic_repair4_medium_v1/MIXED_80/gpu2_rank32_320steps
MIXED,163,2,0.0013786957133561373,0.0001,0.001736725913360715,60693.88232421875,61670.0,/wuqingyaoa800/qiuziyan/LoReflection/outputs/qwen_semantic_repair4_medium_v1/MIXED_80/gpu2_rank32_320steps
MIXED,164,2,0.004395795986056328,0.0001,0.008387877605855465,60693.88232421875,61670.0,/wuqingyaoa800/qiuziyan/LoReflection/outputs/qwen_semantic_repair4_medium_v1/MIXED_80/gpu2_rank32_320steps
MIXED,165,2,0.0009943577460944653,0.0001,0.002832024823874235,60693.88232421875,61670.0,/wuqingyaoa800/qiuziyan/LoReflection/outputs/qwen_semantic_repair4_medium_v1/MIXED_80/gpu2_rank32_320steps
MIXED,166,2,0.0012483701575547457,0.0001,0.0026491410098969936,60693.88232421875,61670.0,/wuqingyaoa800/qiuziyan/LoReflection/outputs/qwen_semantic_repair4_medium_v1/MIXED_80/gpu2_rank32_320steps
MIXED,167,2,0.004017931409180164,0.0001,0.011179924011230469,60693.88232421875,61670.0,/wuqingyaoa800/qiuziyan/LoReflection/outputs/qwen_semantic_repair4_medium_v1/MIXED_80/gpu2_rank32_320steps
MIXED,168,2,0.001960466615855694,0.0001,0.005549656227231026,60693.88232421875,61670.0,/wuqingyaoa800/qiuziyan/LoReflection/outputs/qwen_semantic_repair4_medium_v1/MIXED_80/gpu2_rank32_320steps
MIXED,169,2,0.002666573040187359,0.0001,0.019115637987852097,60693.88232421875,61670.0,/wuqingyaoa800/qiuziyan/LoReflection/outputs/qwen_semantic_repair4_medium_v1/MIXED_80/gpu2_rank32_320steps
MIXED,170,2,0.0040997168980538845,0.0001,0.015333084389567375,60693.88232421875,61670.0,/wuqingyaoa800/qiuziyan/LoReflection/outputs/qwen_semantic_repair4_medium_v1/MIXED_80/gpu2_rank32_320steps
MIXED,171,2,0.004063751548528671,0.0001,0.013006536290049553,60689.28564453125,61670.0,/wuqingyaoa800/qiuziyan/LoReflection/outputs/qwen_semantic_repair4_medium_v1/MIXED_80/gpu2_rank32_320steps
MIXED,172,2,0.005983378738164902,0.0001,0.0094571802765131,60689.28564453125,61670.0,/wuqingyaoa800/qiuziyan/LoReflection/outputs/qwen_semantic_repair4_medium_v1/MIXED_80/gpu2_rank32_320steps
MIXED,173,2,0.001945188152603805,0.0001,0.014283758588135242,60689.28564453125,61670.0,/wuqingyaoa800/qiuziyan/LoReflection/outputs/qwen_semantic_repair4_medium_v1/MIXED_80/gpu2_rank32_320steps
MIXED,174,2,0.002244172617793083,0.0001,0.009320754557847977,60689.85986328125,61670.0,/wuqingyaoa800/qiuziyan/LoReflection/outputs/qwen_semantic_repair4_medium_v1/MIXED_80/gpu2_rank32_320steps
MIXED,175,2,0.003083924064412713,0.0001,0.004746800288558006,60689.85986328125,61670.0,/wuqingyaoa800/qiuziyan/LoReflection/outputs/qwen_semantic_repair4_medium_v1/MIXED_80/gpu2_rank32_320steps
MIXED,176,2,0.004850111436098814,0.0001,0.021241003647446632,60689.85986328125,61670.0,/wuqingyaoa800/qiuziyan/LoReflection/outputs/qwen_semantic_repair4_medium_v1/MIXED_80/gpu2_rank32_320steps
MIXED,177,2,0.0023177755065262318,0.0001,0.0031774782110005617,60689.85986328125,61670.0,/wuqingyaoa800/qiuziyan/LoReflection/outputs/qwen_semantic_repair4_medium_v1/MIXED_80/gpu2_rank32_320steps
MIXED,178,2,0.0009745036368258297,0.0001,0.002458660863339901,60689.85986328125,61670.0,/wuqingyaoa800/qiuziyan/LoReflection/outputs/qwen_semantic_repair4_medium_v1/MIXED_80/gpu2_rank32_320steps
MIXED,179,2,0.0021366379223763943,0.0001,0.014927336946129799,60689.85986328125,61670.0,/wuqingyaoa800/qiuziyan/LoReflection/outputs/qwen_semantic_repair4_medium_v1/MIXED_80/gpu2_rank32_320steps
MIXED,180,2,0.0019668149761855602,0.0001,0.005415528547018766,60689.85986328125,61670.0,/wuqingyaoa800/qiuziyan/LoReflection/outputs/qwen_semantic_repair4_medium_v1/MIXED_80/gpu2_rank32_320steps
MIXED,181,2,0.0019915434531867504,0.0001,0.013542215339839458,60689.85986328125,61670.0,/wuqingyaoa800/qiuziyan/LoReflection/outputs/qwen_semantic_repair4_medium_v1/MIXED_80/gpu2_rank32_320steps
MIXED,182,2,0.004529316443949938,0.0001,0.011995639652013779,60689.85986328125,61670.0,/wuqingyaoa800/qiuziyan/LoReflection/outputs/qwen_semantic_repair4_medium_v1/MIXED_80/gpu2_rank32_320steps
MIXED,183,2,0.0018540028249844909,0.0001,0.006098827812820673,60689.85986328125,61670.0,/wuqingyaoa800/qiuziyan/LoReflection/outputs/qwen_semantic_repair4_medium_v1/MIXED_80/gpu2_rank32_320steps
MIXED,184,2,0.0032428454142063856,0.0001,0.006382699124515057,60689.85986328125,61670.0,/wuqingyaoa800/qiuziyan/LoReflection/outputs/qwen_semantic_repair4_medium_v1/MIXED_80/gpu2_rank32_320steps
MIXED,185,2,0.0050668856129050255,0.0001,0.010105874389410019,60689.85986328125,61670.0,/wuqingyaoa800/qiuziyan/LoReflection/outputs/qwen_semantic_repair4_medium_v1/MIXED_80/gpu2_rank32_320steps
MIXED,186,2,0.004031660966575146,0.0001,0.009799747727811337,60693.88232421875,61670.0,/wuqingyaoa800/qiuziyan/LoReflection/outputs/qwen_semantic_repair4_medium_v1/MIXED_80/gpu2_rank32_320steps
MIXED,187,2,0.000871604832354933,0.0001,0.0034624964464455843,60693.88232421875,61670.0,/wuqingyaoa800/qiuziyan/LoReflection/outputs/qwen_semantic_repair4_medium_v1/MIXED_80/gpu2_rank32_320steps
MIXED,188,2,0.003452956210821867,0.0001,0.005679648835211992,60693.88232421875,61670.0,/wuqingyaoa800/qiuziyan/LoReflection/outputs/qwen_semantic_repair4_medium_v1/MIXED_80/gpu2_rank32_320steps
MIXED,189,2,0.00162994721904397,0.0001,0.003715434344485402,60693.88232421875,61670.0,/wuqingyaoa800/qiuziyan/LoReflection/outputs/qwen_semantic_repair4_medium_v1/MIXED_80/gpu2_rank32_320steps
MIXED,190,2,0.010063767433166504,0.0001,0.031964849680662155,60693.88232421875,61670.0,/wuqingyaoa800/qiuziyan/LoReflection/outputs/qwen_semantic_repair4_medium_v1/MIXED_80/gpu2_rank32_320steps
MIXED,191,2,0.0041740527376532555,0.0001,0.010232692584395409,60693.88232421875,61670.0,/wuqingyaoa800/qiuziyan/LoReflection/outputs/qwen_semantic_repair4_medium_v1/MIXED_80/gpu2_rank32_320steps
MIXED,192,2,0.0022855252027511597,0.0001,0.007235876750200987,60693.88232421875,61670.0,/wuqingyaoa800/qiuziyan/LoReflection/outputs/qwen_semantic_repair4_medium_v1/MIXED_80/gpu2_rank32_320steps
MIXED,193,2,0.0027633344288915396,0.0001,0.004652094095945358,60693.88232421875,61670.0,/wuqingyaoa800/qiuziyan/LoReflection/outputs/qwen_semantic_repair4_medium_v1/MIXED_80/gpu2_rank32_320steps
MIXED,194,2,0.00478149950504303,0.0001,0.010202405974268913,60693.88232421875,61670.0,/wuqingyaoa800/qiuziyan/LoReflection/outputs/qwen_semantic_repair4_medium_v1/MIXED_80/gpu2_rank32_320steps
MIXED,195,2,0.0013665148289874196,0.0001,0.0050681461580097675,60693.88232421875,61670.0,/wuqingyaoa800/qiuziyan/LoReflection/outputs/qwen_semantic_repair4_medium_v1/MIXED_80/gpu2_rank32_320steps
MIXED,196,2,0.0038734106346964836,0.0001,0.04461738467216492,60693.88232421875,61670.0,/wuqingyaoa800/qiuziyan/LoReflection/outputs/qwen_semantic_repair4_medium_v1/MIXED_80/gpu2_rank32_320steps
MIXED,197,2,0.0011301686754450202,0.0001,0.0035928026773035526,60693.88232421875,61670.0,/wuqingyaoa800/qiuziyan/LoReflection/outputs/qwen_semantic_repair4_medium_v1/MIXED_80/gpu2_rank32_320steps
MIXED,198,2,0.010028262622654438,0.0001,0.02879401296377182,60693.88232421875,61670.0,/wuqingyaoa800/qiuziyan/LoReflection/outputs/qwen_semantic_repair4_medium_v1/MIXED_80/gpu2_rank32_320steps
MIXED,199,2,0.0004907464026473463,0.0001,0.0008760006749071181,60693.88232421875,61670.0,/wuqingyaoa800/qiuziyan/LoReflection/outputs/qwen_semantic_repair4_medium_v1/MIXED_80/gpu2_rank32_320steps
MIXED,200,2,0.0038054927717894316,0.0001,0.01298605278134346,60693.88232421875,61670.0,/wuqingyaoa800/qiuziyan/LoReflection/outputs/qwen_semantic_repair4_medium_v1/MIXED_80/gpu2_rank32_320steps
MIXED,201,2,0.0014168925117701292,0.0001,0.007893018424510956,60680.9697265625,61670.0,/wuqingyaoa800/qiuziyan/LoReflection/outputs/qwen_semantic_repair4_medium_v1/MIXED_80/gpu2_rank32_320steps
MIXED,202,2,0.00296491920016706,0.0001,0.022272810339927673,60688.71142578125,61670.0,/wuqingyaoa800/qiuziyan/LoReflection/outputs/qwen_semantic_repair4_medium_v1/MIXED_80/gpu2_rank32_320steps
MIXED,203,2,0.0012003767769783735,0.0001,0.0036211698316037655,60690.43408203125,61670.0,/wuqingyaoa800/qiuziyan/LoReflection/outputs/qwen_semantic_repair4_medium_v1/MIXED_80/gpu2_rank32_320steps
MIXED,204,2,0.0037829142529517412,0.0001,0.005404506344348192,60693.88232421875,61670.0,/wuqingyaoa800/qiuziyan/LoReflection/outputs/qwen_semantic_repair4_medium_v1/MIXED_80/gpu2_rank32_320steps
MIXED,205,2,0.003263880265876651,0.0001,0.005870009306818247,60693.88232421875,61670.0,/wuqingyaoa800/qiuziyan/LoReflection/outputs/qwen_semantic_repair4_medium_v1/MIXED_80/gpu2_rank32_320steps
MIXED,206,2,0.0031567809637635946,0.0001,0.009558770805597305,60693.88232421875,61670.0,/wuqingyaoa800/qiuziyan/LoReflection/outputs/qwen_semantic_repair4_medium_v1/MIXED_80/gpu2_rank32_320steps
MIXED,207,2,0.008483808487653732,0.0001,0.018528984859585762,60693.88232421875,61670.0,/wuqingyaoa800/qiuziyan/LoReflection/outputs/qwen_semantic_repair4_medium_v1/MIXED_80/gpu2_rank32_320steps
MIXED,208,2,0.004122599959373474,0.0001,0.01806362345814705,60693.88232421875,61670.0,/wuqingyaoa800/qiuziyan/LoReflection/outputs/qwen_semantic_repair4_medium_v1/MIXED_80/gpu2_rank32_320steps
MIXED,209,2,0.00264331535436213,0.0001,0.010128352791070938,60693.88232421875,61670.0,/wuqingyaoa800/qiuziyan/LoReflection/outputs/qwen_semantic_repair4_medium_v1/MIXED_80/gpu2_rank32_320steps
MIXED,210,2,0.004446113016456366,0.0001,0.0175330750644207,60693.88232421875,61670.0,/wuqingyaoa800/qiuziyan/LoReflection/outputs/qwen_semantic_repair4_medium_v1/MIXED_80/gpu2_rank32_320steps
MIXED,211,2,0.004273505881428719,0.0001,0.00858273170888424,60693.88232421875,61670.0,/wuqingyaoa800/qiuziyan/LoReflection/outputs/qwen_semantic_repair4_medium_v1/MIXED_80/gpu2_rank32_320steps
MIXED,212,2,0.00981239601969719,0.0001,0.007044972386211157,60693.88232421875,61670.0,/wuqingyaoa800/qiuziyan/LoReflection/outputs/qwen_semantic_repair4_medium_v1/MIXED_80/gpu2_rank32_320steps
MIXED,213,2,0.0013803128385916352,0.0001,0.0023222314193844795,60693.88232421875,61670.0,/wuqingyaoa800/qiuziyan/LoReflection/outputs/qwen_semantic_repair4_medium_v1/MIXED_80/gpu2_rank32_320steps
MIXED,214,2,0.00279710884205997,0.0001,0.019811110571026802,60693.88232421875,61670.0,/wuqingyaoa800/qiuziyan/LoReflection/outputs/qwen_semantic_repair4_medium_v1/MIXED_80/gpu2_rank32_320steps
MIXED,215,2,0.004291514866054058,0.0001,0.016802359372377396,60693.88232421875,61670.0,/wuqingyaoa800/qiuziyan/LoReflection/outputs/qwen_semantic_repair4_medium_v1/MIXED_80/gpu2_rank32_320steps
MIXED,216,2,0.00247760908678174,0.0001,0.00519937090575695,60693.88232421875,61670.0,/wuqingyaoa800/qiuziyan/LoReflection/outputs/qwen_semantic_repair4_medium_v1/MIXED_80/gpu2_rank32_320steps
MIXED,217,2,0.0028531625866889954,0.0001,0.006437215488404036,60693.88232421875,61670.0,/wuqingyaoa800/qiuziyan/LoReflection/outputs/qwen_semantic_repair4_medium_v1/MIXED_80/gpu2_rank32_320steps
MIXED,218,2,0.001932443818077445,0.0001,0.005370718892663717,60693.88232421875,61670.0,/wuqingyaoa800/qiuziyan/LoReflection/outputs/qwen_semantic_repair4_medium_v1/MIXED_80/gpu2_rank32_320steps
MIXED,219,2,0.0032101026736199856,0.0001,0.008177822455763817,60693.88232421875,61670.0,/wuqingyaoa800/qiuziyan/LoReflection/outputs/qwen_semantic_repair4_medium_v1/MIXED_80/gpu2_rank32_320steps
MIXED,220,2,0.004638710059225559,0.0001,0.015212630853056908,60693.88232421875,61670.0,/wuqingyaoa800/qiuziyan/LoReflection/outputs/qwen_semantic_repair4_medium_v1/MIXED_80/gpu2_rank32_320steps
MIXED,221,2,0.006467311177402735,0.0001,0.017263133078813553,60687.5849609375,61670.0,/wuqingyaoa800/qiuziyan/LoReflection/outputs/qwen_semantic_repair4_medium_v1/MIXED_80/gpu2_rank32_320steps
MIXED,222,2,0.0020748639944940805,0.0001,0.0057811797596514225,60687.5849609375,61670.0,/wuqingyaoa800/qiuziyan/LoReflection/outputs/qwen_semantic_repair4_medium_v1/MIXED_80/gpu2_rank32_320steps
MIXED,223,2,0.002757974900305271,0.0001,0.00980125367641449,60687.5849609375,61670.0,/wuqingyaoa800/qiuziyan/LoReflection/outputs/qwen_semantic_repair4_medium_v1/MIXED_80/gpu2_rank32_320steps
MIXED,224,2,0.009785574860870838,0.0001,0.025366459041833878,60689.85986328125,61670.0,/wuqingyaoa800/qiuziyan/LoReflection/outputs/qwen_semantic_repair4_medium_v1/MIXED_80/gpu2_rank32_320steps
MIXED,225,2,0.0030094271060079336,0.0001,0.005990541074424982,60689.85986328125,61670.0,/wuqingyaoa800/qiuziyan/LoReflection/outputs/qwen_semantic_repair4_medium_v1/MIXED_80/gpu2_rank32_320steps
MIXED,226,2,0.0017169247148558497,0.0001,0.010572094470262527,60689.85986328125,61670.0,/wuqingyaoa800/qiuziyan/LoReflection/outputs/qwen_semantic_repair4_medium_v1/MIXED_80/gpu2_rank32_320steps
MIXED,227,2,0.0018282195087522268,0.0001,0.013223589397966862,60689.85986328125,61670.0,/wuqingyaoa800/qiuziyan/LoReflection/outputs/qwen_semantic_repair4_medium_v1/MIXED_80/gpu2_rank32_320steps
MIXED,228,2,0.002099203411489725,0.0001,0.005489308387041092,60693.88232421875,61670.0,/wuqingyaoa800/qiuziyan/LoReflection/outputs/qwen_semantic_repair4_medium_v1/MIXED_80/gpu2_rank32_320steps
MIXED,229,2,0.0022390137892216444,0.0001,0.0038887145929038525,60693.88232421875,61670.0,/wuqingyaoa800/qiuziyan/LoReflection/outputs/qwen_semantic_repair4_medium_v1/MIXED_80/gpu2_rank32_320steps
MIXED,230,2,0.0022922006901353598,0.0001,0.003820266807451844,60693.88232421875,61670.0,/wuqingyaoa800/qiuziyan/LoReflection/outputs/qwen_semantic_repair4_medium_v1/MIXED_80/gpu2_rank32_320steps
MIXED,231,2,0.0026568446774035692,0.0001,0.009454411454498768,60687.5849609375,61670.0,/wuqingyaoa800/qiuziyan/LoReflection/outputs/qwen_semantic_repair4_medium_v1/MIXED_80/gpu2_rank32_320steps
MIXED,232,2,0.0026363166980445385,0.0001,0.005809134338051081,60687.5849609375,61670.0,/wuqingyaoa800/qiuziyan/LoReflection/outputs/qwen_semantic_repair4_medium_v1/MIXED_80/gpu2_rank32_320steps
MIXED,233,2,0.0008411934832111001,0.0001,0.002733033848926425,60687.5849609375,61670.0,/wuqingyaoa800/qiuziyan/LoReflection/outputs/qwen_semantic_repair4_medium_v1/MIXED_80/gpu2_rank32_320steps
MIXED,234,2,0.0033910865895450115,0.0001,0.007382042706012726,60693.88232421875,61670.0,/wuqingyaoa800/qiuziyan/LoReflection/outputs/qwen_semantic_repair4_medium_v1/MIXED_80/gpu2_rank32_320steps
MIXED,235,2,0.0010791748063638806,0.0001,0.003781067207455635,60693.88232421875,61670.0,/wuqingyaoa800/qiuziyan/LoReflection/outputs/qwen_semantic_repair4_medium_v1/MIXED_80/gpu2_rank32_320steps
MIXED,236,2,0.0038755577988922596,0.0001,0.020800579339265823,60693.88232421875,61670.0,/wuqingyaoa800/qiuziyan/LoReflection/outputs/qwen_semantic_repair4_medium_v1/MIXED_80/gpu2_rank32_320steps
MIXED,237,2,0.0015140743926167488,0.0001,0.0050428761169314384,60693.88232421875,61670.0,/wuqingyaoa800/qiuziyan/LoReflection/outputs/qwen_semantic_repair4_medium_v1/MIXED_80/gpu2_rank32_320steps
MIXED,238,2,0.002762668998911977,0.0001,0.00911787897348404,60693.88232421875,61670.0,/wuqingyaoa800/qiuziyan/LoReflection/outputs/qwen_semantic_repair4_medium_v1/MIXED_80/gpu2_rank32_320steps
MIXED,239,2,0.0020599467679858208,0.0001,0.008043164387345314,60693.88232421875,61670.0,/wuqingyaoa800/qiuziyan/LoReflection/outputs/qwen_semantic_repair4_medium_v1/MIXED_80/gpu2_rank32_320steps
MIXED,240,2,0.0035036460030823946,0.0001,0.019273363053798676,60693.88232421875,61670.0,/wuqingyaoa800/qiuziyan/LoReflection/outputs/qwen_semantic_repair4_medium_v1/MIXED_80/gpu2_rank32_320steps
MIXED,241,3,0.0037367616314440966,0.0001,0.033788565546274185,60680.9697265625,61670.0,/wuqingyaoa800/qiuziyan/LoReflection/outputs/qwen_semantic_repair4_medium_v1/MIXED_80/gpu2_rank32_320steps
MIXED,242,3,0.0024393154308199883,0.0001,0.006908105220645666,60689.85986328125,61670.0,/wuqingyaoa800/qiuziyan/LoReflection/outputs/qwen_semantic_repair4_medium_v1/MIXED_80/gpu2_rank32_320steps
MIXED,243,3,0.002691684290766716,0.0001,0.017614945769309998,60689.85986328125,61670.0,/wuqingyaoa800/qiuziyan/LoReflection/outputs/qwen_semantic_repair4_medium_v1/MIXED_80/gpu2_rank32_320steps
MIXED,244,3,0.003861831733956933,0.0001,0.010827431455254555,60689.85986328125,61670.0,/wuqingyaoa800/qiuziyan/LoReflection/outputs/qwen_semantic_repair4_medium_v1/MIXED_80/gpu2_rank32_320steps
MIXED,245,3,0.0013504151720553637,0.0001,0.0045942943543195724,60689.85986328125,61670.0,/wuqingyaoa800/qiuziyan/LoReflection/outputs/qwen_semantic_repair4_medium_v1/MIXED_80/gpu2_rank32_320steps
MIXED,246,3,0.005045162979513407,0.0001,0.01721208356320858,60693.88232421875,61670.0,/wuqingyaoa800/qiuziyan/LoReflection/outputs/qwen_semantic_repair4_medium_v1/MIXED_80/gpu2_rank32_320steps
MIXED,247,3,0.005955289583653212,0.0001,0.009700141847133636,60693.88232421875,61670.0,/wuqingyaoa800/qiuziyan/LoReflection/outputs/qwen_semantic_repair4_medium_v1/MIXED_80/gpu2_rank32_320steps
MIXED,248,3,0.004315070807933807,0.0001,0.009769201278686523,60693.88232421875,61670.0,/wuqingyaoa800/qiuziyan/LoReflection/outputs/qwen_semantic_repair4_medium_v1/MIXED_80/gpu2_rank32_320steps
MIXED,249,3,0.005644222721457481,0.0001,0.0070712985470891,60693.88232421875,61670.0,/wuqingyaoa800/qiuziyan/LoReflection/outputs/qwen_semantic_repair4_medium_v1/MIXED_80/gpu2_rank32_320steps
MIXED,250,3,0.001739963423460722,0.0001,0.008995162323117256,60693.88232421875,61670.0,/wuqingyaoa800/qiuziyan/LoReflection/outputs/qwen_semantic_repair4_medium_v1/MIXED_80/gpu2_rank32_320steps
MIXED,251,3,0.0016232954803854227,0.0001,0.012479999102652073,60688.71142578125,61670.0,/wuqingyaoa800/qiuziyan/LoReflection/outputs/qwen_semantic_repair4_medium_v1/MIXED_80/gpu2_rank32_320steps
MIXED,252,3,0.004823872819542885,0.0001,0.0042760614305734634,60688.71142578125,61670.0,/wuqingyaoa800/qiuziyan/LoReflection/outputs/qwen_semantic_repair4_medium_v1/MIXED_80/gpu2_rank32_320steps
MIXED,253,3,0.008278968743979931,0.0001,0.005069473758339882,60688.71142578125,61670.0,/wuqingyaoa800/qiuziyan/LoReflection/outputs/qwen_semantic_repair4_medium_v1/MIXED_80/gpu2_rank32_320steps
MIXED,254,3,0.002186269499361515,0.0001,0.004505726974457502,60688.71142578125,61670.0,/wuqingyaoa800/qiuziyan/LoReflection/outputs/qwen_semantic_repair4_medium_v1/MIXED_80/gpu2_rank32_320steps
MIXED,255,3,0.0013886732049286366,0.0001,0.0014380394713953137,60689.85986328125,61670.0,/wuqingyaoa800/qiuziyan/LoReflection/outputs/qwen_semantic_repair4_medium_v1/MIXED_80/gpu2_rank32_320steps
MIXED,256,3,0.0022793803364038467,0.0001,0.0064640468917787075,60689.85986328125,61670.0,/wuqingyaoa800/qiuziyan/LoReflection/outputs/qwen_semantic_repair4_medium_v1/MIXED_80/gpu2_rank32_320steps
MIXED,257,3,0.0023584465961903334,0.0001,0.015962574630975723,60689.85986328125,61670.0,/wuqingyaoa800/qiuziyan/LoReflection/outputs/qwen_semantic_repair4_medium_v1/MIXED_80/gpu2_rank32_320steps
MIXED,258,3,0.0027057162951678038,0.0001,0.02150868996977806,60689.85986328125,61670.0,/wuqingyaoa800/qiuziyan/LoReflection/outputs/qwen_semantic_repair4_medium_v1/MIXED_80/gpu2_rank32_320steps
MIXED,259,3,0.0008859080262482166,0.0001,0.003930873237550259,60689.85986328125,61670.0,/wuqingyaoa800/qiuziyan/LoReflection/outputs/qwen_semantic_repair4_medium_v1/MIXED_80/gpu2_rank32_320steps
MIXED,260,3,0.0027457033284008503,0.0001,0.014609578996896744,60693.88232421875,61670.0,/wuqingyaoa800/qiuziyan/LoReflection/outputs/qwen_semantic_repair4_medium_v1/MIXED_80/gpu2_rank32_320steps
MIXED,261,3,0.004125523380935192,0.0001,0.022579172626137733,60689.85986328125,61670.0,/wuqingyaoa800/qiuziyan/LoReflection/outputs/qwen_semantic_repair4_medium_v1/MIXED_80/gpu2_rank32_320steps
MIXED,262,3,0.0035326227080076933,0.0001,0.004291987512260675,60689.85986328125,61670.0,/wuqingyaoa800/qiuziyan/LoReflection/outputs/qwen_semantic_repair4_medium_v1/MIXED_80/gpu2_rank32_320steps
MIXED,263,3,0.0012917425483465195,0.0001,0.004000350832939148,60689.85986328125,61670.0,/wuqingyaoa800/qiuziyan/LoReflection/outputs/qwen_semantic_repair4_medium_v1/MIXED_80/gpu2_rank32_320steps
MIXED,264,3,0.0027178628370165825,0.0001,0.004697510041296482,60689.85986328125,61670.0,/wuqingyaoa800/qiuziyan/LoReflection/outputs/qwen_semantic_repair4_medium_v1/MIXED_80/gpu2_rank32_320steps
MIXED,265,3,0.0038435126189142466,0.0001,0.006170495413243771,60690.43408203125,61670.0,/wuqingyaoa800/qiuziyan/LoReflection/outputs/qwen_semantic_repair4_medium_v1/MIXED_80/gpu2_rank32_320steps
MIXED,266,3,0.0022156015038490295,0.0001,0.010209069587290287,60693.30810546875,61670.0,/wuqingyaoa800/qiuziyan/LoReflection/outputs/qwen_semantic_repair4_medium_v1/MIXED_80/gpu2_rank32_320steps
MIXED,267,3,0.004467803984880447,0.0001,0.005853366572409868,60693.30810546875,61670.0,/wuqingyaoa800/qiuziyan/LoReflection/outputs/qwen_semantic_repair4_medium_v1/MIXED_80/gpu2_rank32_320steps
MIXED,268,3,0.003771671326830983,0.0001,0.014903781935572624,60693.30810546875,61670.0,/wuqingyaoa800/qiuziyan/LoReflection/outputs/qwen_semantic_repair4_medium_v1/MIXED_80/gpu2_rank32_320steps
MIXED,269,3,0.0036420365795493126,0.0001,0.01670714281499386,60693.30810546875,61670.0,/wuqingyaoa800/qiuziyan/LoReflection/outputs/qwen_semantic_repair4_medium_v1/MIXED_80/gpu2_rank32_320steps
MIXED,270,3,0.0,0.0001,0.0,60693.88232421875,61670.0,/wuqingyaoa800/qiuziyan/LoReflection/outputs/qwen_semantic_repair4_medium_v1/MIXED_80/gpu2_rank32_320steps
MIXED,271,3,0.002307527232915163,0.0001,0.006828132551163435,60693.88232421875,61670.0,/wuqingyaoa800/qiuziyan/LoReflection/outputs/qwen_semantic_repair4_medium_v1/MIXED_80/gpu2_rank32_320steps
MIXED,272,3,0.0009454842656850815,0.0001,0.004673355259001255,60693.88232421875,61670.0,/wuqingyaoa800/qiuziyan/LoReflection/outputs/qwen_semantic_repair4_medium_v1/MIXED_80/gpu2_rank32_320steps
MIXED,273,3,0.0010861607734113932,0.0001,0.002976763527840376,60693.88232421875,61670.0,/wuqingyaoa800/qiuziyan/LoReflection/outputs/qwen_semantic_repair4_medium_v1/MIXED_80/gpu2_rank32_320steps
MIXED,274,3,0.0041183969005942345,0.0001,0.005809687543660402,60693.88232421875,61670.0,/wuqingyaoa800/qiuziyan/LoReflection/outputs/qwen_semantic_repair4_medium_v1/MIXED_80/gpu2_rank32_320steps
MIXED,275,3,0.004839110653847456,0.0001,0.011709356680512428,60693.88232421875,61670.0,/wuqingyaoa800/qiuziyan/LoReflection/outputs/qwen_semantic_repair4_medium_v1/MIXED_80/gpu2_rank32_320steps
MIXED,276,3,0.0023341558407992125,0.0001,0.008582968264818192,60693.88232421875,61670.0,/wuqingyaoa800/qiuziyan/LoReflection/outputs/qwen_semantic_repair4_medium_v1/MIXED_80/gpu2_rank32_320steps
MIXED,277,3,0.0019059686455875635,0.0001,0.005713471677154303,60693.88232421875,61670.0,/wuqingyaoa800/qiuziyan/LoReflection/outputs/qwen_semantic_repair4_medium_v1/MIXED_80/gpu2_rank32_320steps
MIXED,278,3,0.0006315720966085792,0.0001,0.0062339408323168755,60693.88232421875,61670.0,/wuqingyaoa800/qiuziyan/LoReflection/outputs/qwen_semantic_repair4_medium_v1/MIXED_80/gpu2_rank32_320steps
MIXED,279,3,0.0012804825091734529,0.0001,0.006907138507813215,60693.88232421875,61670.0,/wuqingyaoa800/qiuziyan/LoReflection/outputs/qwen_semantic_repair4_medium_v1/MIXED_80/gpu2_rank32_320steps
MIXED,280,3,0.004925837740302086,0.0001,0.007367368321865797,60693.88232421875,61670.0,/wuqingyaoa800/qiuziyan/LoReflection/outputs/qwen_semantic_repair4_medium_v1/MIXED_80/gpu2_rank32_320steps
MIXED,281,3,0.0015171993291005492,0.0001,0.004170182626694441,60680.9697265625,61670.0,/wuqingyaoa800/qiuziyan/LoReflection/outputs/qwen_semantic_repair4_medium_v1/MIXED_80/gpu2_rank32_320steps
MIXED,282,3,0.003675557905808091,0.0001,0.012042991816997528,60693.88232421875,61670.0,/wuqingyaoa800/qiuziyan/LoReflection/outputs/qwen_semantic_repair4_medium_v1/MIXED_80/gpu2_rank32_320steps
MIXED,283,3,0.008441838435828686,0.0001,0.027396127581596375,60693.88232421875,61670.0,/wuqingyaoa800/qiuziyan/LoReflection/outputs/qwen_semantic_repair4_medium_v1/MIXED_80/gpu2_rank32_320steps
MIXED,284,3,0.0017359618796035647,0.0001,0.008513940498232841,60693.88232421875,61670.0,/wuqingyaoa800/qiuziyan/LoReflection/outputs/qwen_semantic_repair4_medium_v1/MIXED_80/gpu2_rank32_320steps
MIXED,285,3,0.005780295003205538,0.0001,0.020012639462947845,60693.88232421875,61670.0,/wuqingyaoa800/qiuziyan/LoReflection/outputs/qwen_semantic_repair4_medium_v1/MIXED_80/gpu2_rank32_320steps
MIXED,286,3,0.0043607368133962154,0.0001,0.02475089579820633,60693.88232421875,61670.0,/wuqingyaoa800/qiuziyan/LoReflection/outputs/qwen_semantic_repair4_medium_v1/MIXED_80/gpu2_rank32_320steps
MIXED,287,3,0.003958721179515123,0.0001,0.012553250417113304,60693.88232421875,61670.0,/wuqingyaoa800/qiuziyan/LoReflection/outputs/qwen_semantic_repair4_medium_v1/MIXED_80/gpu2_rank32_320steps
MIXED,288,3,0.0009295220952481031,0.0001,0.0034786222968250513,60693.88232421875,61670.0,/wuqingyaoa800/qiuziyan/LoReflection/outputs/qwen_semantic_repair4_medium_v1/MIXED_80/gpu2_rank32_320steps
MIXED,289,3,0.0016980135114863515,0.0001,0.003407076932489872,60693.88232421875,61670.0,/wuqingyaoa800/qiuziyan/LoReflection/outputs/qwen_semantic_repair4_medium_v1/MIXED_80/gpu2_rank32_320steps
MIXED,290,3,0.0011742478236556053,0.0001,0.005907054059207439,60693.88232421875,61670.0,/wuqingyaoa800/qiuziyan/LoReflection/outputs/qwen_semantic_repair4_medium_v1/MIXED_80/gpu2_rank32_320steps
MIXED,291,3,0.0030151463579386473,0.0001,0.032606080174446106,60688.71142578125,61670.0,/wuqingyaoa800/qiuziyan/LoReflection/outputs/qwen_semantic_repair4_medium_v1/MIXED_80/gpu2_rank32_320steps
MIXED,292,3,0.001055070199072361,0.0001,0.0018788736779242754,60688.71142578125,61670.0,/wuqingyaoa800/qiuziyan/LoReflection/outputs/qwen_semantic_repair4_medium_v1/MIXED_80/gpu2_rank32_320steps
MIXED,293,3,0.0011711467523127794,0.0001,0.0036979923024773598,60688.71142578125,61670.0,/wuqingyaoa800/qiuziyan/LoReflection/outputs/qwen_semantic_repair4_medium_v1/MIXED_80/gpu2_rank32_320steps
MIXED,294,3,0.000761341885663569,0.0001,0.001849865890108049,60688.71142578125,61670.0,/wuqingyaoa800/qiuziyan/LoReflection/outputs/qwen_semantic_repair4_medium_v1/MIXED_80/gpu2_rank32_320steps
MIXED,295,3,0.0028558282647281885,0.0001,0.003230025991797447,60688.71142578125,61670.0,/wuqingyaoa800/qiuziyan/LoReflection/outputs/qwen_semantic_repair4_medium_v1/MIXED_80/gpu2_rank32_320steps
MIXED,296,3,0.002985904924571514,0.0001,0.005070996005088091,60688.71142578125,61670.0,/wuqingyaoa800/qiuziyan/LoReflection/outputs/qwen_semantic_repair4_medium_v1/MIXED_80/gpu2_rank32_320steps
MIXED,297,3,0.0015412570210173726,0.0001,0.00435872795060277,60688.71142578125,61670.0,/wuqingyaoa800/qiuziyan/LoReflection/outputs/qwen_semantic_repair4_medium_v1/MIXED_80/gpu2_rank32_320steps
MIXED,298,3,0.0022633697371929884,0.0001,0.0056028892286121845,60691.58544921875,61670.0,/wuqingyaoa800/qiuziyan/LoReflection/outputs/qwen_semantic_repair4_medium_v1/MIXED_80/gpu2_rank32_320steps
MIXED,299,3,0.0017465715063735843,0.0001,0.003921272233128548,60691.58544921875,61670.0,/wuqingyaoa800/qiuziyan/LoReflection/outputs/qwen_semantic_repair4_medium_v1/MIXED_80/gpu2_rank32_320steps
MIXED,300,3,0.005093508865684271,0.0001,0.008255070075392723,60691.58544921875,61670.0,/wuqingyaoa800/qiuziyan/LoReflection/outputs/qwen_semantic_repair4_medium_v1/MIXED_80/gpu2_rank32_320steps
MIXED,301,3,0.0036582823377102613,0.0001,0.00941581092774868,60689.28564453125,61670.0,/wuqingyaoa800/qiuziyan/LoReflection/outputs/qwen_semantic_repair4_medium_v1/MIXED_80/gpu2_rank32_320steps
MIXED,302,3,0.0026393274310976267,0.0001,0.0030923865269869566,60689.28564453125,61670.0,/wuqingyaoa800/qiuziyan/LoReflection/outputs/qwen_semantic_repair4_medium_v1/MIXED_80/gpu2_rank32_320steps
MIXED,303,3,0.0019970224238932133,0.0001,0.008046437986195087,60689.28564453125,61670.0,/wuqingyaoa800/qiuziyan/LoReflection/outputs/qwen_semantic_repair4_medium_v1/MIXED_80/gpu2_rank32_320steps
MIXED,304,3,0.003911763895303011,0.0001,0.016893580555915833,60693.88232421875,61670.0,/wuqingyaoa800/qiuziyan/LoReflection/outputs/qwen_semantic_repair4_medium_v1/MIXED_80/gpu2_rank32_320steps
MIXED,305,3,0.0023184046149253845,0.0001,0.006161291152238846,60693.88232421875,61670.0,/wuqingyaoa800/qiuziyan/LoReflection/outputs/qwen_semantic_repair4_medium_v1/MIXED_80/gpu2_rank32_320steps
MIXED,306,3,0.0007770084775984287,0.0001,0.0016133520985022187,60693.88232421875,61670.0,/wuqingyaoa800/qiuziyan/LoReflection/outputs/qwen_semantic_repair4_medium_v1/MIXED_80/gpu2_rank32_320steps
MIXED,307,3,0.004772720392793417,0.0001,0.04251120239496231,60693.88232421875,61670.0,/wuqingyaoa800/qiuziyan/LoReflection/outputs/qwen_semantic_repair4_medium_v1/MIXED_80/gpu2_rank32_320steps
MIXED,308,3,0.002405900973826647,0.0001,0.013170339167118073,60693.88232421875,61670.0,/wuqingyaoa800/qiuziyan/LoReflection/outputs/qwen_semantic_repair4_medium_v1/MIXED_80/gpu2_rank32_320steps
MIXED,309,3,0.003621380776166916,0.0001,0.011611837893724442,60693.88232421875,61670.0,/wuqingyaoa800/qiuziyan/LoReflection/outputs/qwen_semantic_repair4_medium_v1/MIXED_80/gpu2_rank32_320steps
MIXED,310,3,0.0021933396346867085,0.0001,0.005169913172721863,60693.88232421875,61670.0,/wuqingyaoa800/qiuziyan/LoReflection/outputs/qwen_semantic_repair4_medium_v1/MIXED_80/gpu2_rank32_320steps
MIXED,311,3,0.003211007220670581,0.0001,0.031149856746196747,60691.58544921875,61670.0,/wuqingyaoa800/qiuziyan/LoReflection/outputs/qwen_semantic_repair4_medium_v1/MIXED_80/gpu2_rank32_320steps
MIXED,312,3,0.005640179384499788,0.0001,0.01959741674363613,60693.88232421875,61670.0,/wuqingyaoa800/qiuziyan/LoReflection/outputs/qwen_semantic_repair4_medium_v1/MIXED_80/gpu2_rank32_320steps
MIXED,313,3,0.0006496086134575307,0.0001,0.001143494970165193,60693.88232421875,61670.0,/wuqingyaoa800/qiuziyan/LoReflection/outputs/qwen_semantic_repair4_medium_v1/MIXED_80/gpu2_rank32_320steps
MIXED,314,3,0.0036761914379894733,0.0001,0.008001016452908516,60693.88232421875,61670.0,/wuqingyaoa800/qiuziyan/LoReflection/outputs/qwen_semantic_repair4_medium_v1/MIXED_80/gpu2_rank32_320steps
MIXED,315,3,0.010797195136547089,0.0001,0.025603391230106354,60693.88232421875,61670.0,/wuqingyaoa800/qiuziyan/LoReflection/outputs/qwen_semantic_repair4_medium_v1/MIXED_80/gpu2_rank32_320steps
MIXED,316,3,0.0025888641830533743,0.0001,0.013473864644765854,60693.88232421875,61670.0,/wuqingyaoa800/qiuziyan/LoReflection/outputs/qwen_semantic_repair4_medium_v1/MIXED_80/gpu2_rank32_320steps
MIXED,317,3,0.0008842181996442378,0.0001,0.0027595069259405136,60693.88232421875,61670.0,/wuqingyaoa800/qiuziyan/LoReflection/outputs/qwen_semantic_repair4_medium_v1/MIXED_80/gpu2_rank32_320steps
MIXED,318,3,0.002040575025603175,0.0001,0.005637043621391058,60693.88232421875,61670.0,/wuqingyaoa800/qiuziyan/LoReflection/outputs/qwen_semantic_repair4_medium_v1/MIXED_80/gpu2_rank32_320steps
MIXED,319,3,0.009272848255932331,0.0001,0.025061899796128273,60693.88232421875,61670.0,/wuqingyaoa800/qiuziyan/LoReflection/outputs/qwen_semantic_repair4_medium_v1/MIXED_80/gpu2_rank32_320steps
MIXED,320,3,0.003668026300147176,0.0001,0.00835832767188549,60693.88232421875,61670.0,/wuqingyaoa800/qiuziyan/LoReflection/outputs/qwen_semantic_repair4_medium_v1/MIXED_80/gpu2_rank32_320steps
