boundary_is_bbox_fallback,boundary_source,door_anchor_count_after_recovery,door_anchor_count_before,door_recovered,door_recovery_source,is_major_room,room_type,sample_id,source_scene_json,training_gate_status,window_anchor_count_after_recovery,window_anchor_count_before,window_recovered
False,room_floor_mesh,3,2,True,scene_global_furniture_recovered,True,livingroom,36c96aa6-a318-4212-aecc-22a206d7b217_room_00,/wuqingyaoa800/chengjiajia_datas/dataset/JIAQI-CHEN/3D-Front/3D-FRONT/36c96aa6-a318-4212-aecc-22a206d7b217.json,pass,0,0,False
False,room_floor_mesh,0,0,False,,False,elderlyroom,36c96aa6-a318-4212-aecc-22a206d7b217_room_01,/wuqingyaoa800/chengjiajia_datas/dataset/JIAQI-CHEN/3D-Front/3D-FRONT/36c96aa6-a318-4212-aecc-22a206d7b217.json,pass,0,0,False
False,room_floor_mesh,0,0,False,,True,study,36c96aa6-a318-4212-aecc-22a206d7b217_room_02,/wuqingyaoa800/chengjiajia_datas/dataset/JIAQI-CHEN/3D-Front/3D-FRONT/36c96aa6-a318-4212-aecc-22a206d7b217.json,drop_no_recoverable_door_anchor,0,0,False
False,room_floor_mesh,0,0,False,,True,bedroom,36c96aa6-a318-4212-aecc-22a206d7b217_room_05,/wuqingyaoa800/chengjiajia_datas/dataset/JIAQI-CHEN/3D-Front/3D-FRONT/36c96aa6-a318-4212-aecc-22a206d7b217.json,drop_no_recoverable_door_anchor,0,0,False
False,room_floor_mesh,4,0,True,scene_global_furniture_recovered;scene_global_mesh_recovered,True,bedroom,faf62fbc-739a-40da-aac3-12b6807ee7e3_room_00,/wuqingyaoa800/chengjiajia_datas/dataset/JIAQI-CHEN/3D-Front/3D-FRONT/faf62fbc-739a-40da-aac3-12b6807ee7e3.json,pass,3,2,True
False,room_floor_mesh,4,0,True,scene_global_furniture_recovered;scene_global_mesh_recovered,True,bedroom,faf62fbc-739a-40da-aac3-12b6807ee7e3_room_01,/wuqingyaoa800/chengjiajia_datas/dataset/JIAQI-CHEN/3D-Front/3D-FRONT/faf62fbc-739a-40da-aac3-12b6807ee7e3.json,pass,3,2,True
False,room_floor_mesh,4,2,True,scene_global_furniture_recovered;scene_global_mesh_recovered,False,courtyard,faf62fbc-739a-40da-aac3-12b6807ee7e3_room_02,/wuqingyaoa800/chengjiajia_datas/dataset/JIAQI-CHEN/3D-Front/3D-FRONT/faf62fbc-739a-40da-aac3-12b6807ee7e3.json,pass,3,2,True
False,room_floor_mesh,8,2,True,scene_global_furniture_recovered;scene_global_mesh_recovered,True,livingroom,faf62fbc-739a-40da-aac3-12b6807ee7e3_room_05,/wuqingyaoa800/chengjiajia_datas/dataset/JIAQI-CHEN/3D-Front/3D-FRONT/faf62fbc-739a-40da-aac3-12b6807ee7e3.json,pass,4,2,True
False,room_floor_mesh,4,0,True,scene_global_furniture_recovered;scene_global_mesh_recovered,True,bedroom,faf62fbc-739a-40da-aac3-12b6807ee7e3_room_08,/wuqingyaoa800/chengjiajia_datas/dataset/JIAQI-CHEN/3D-Front/3D-FRONT/faf62fbc-739a-40da-aac3-12b6807ee7e3.json,pass,4,1,True
False,room_floor_mesh,2,0,True,scene_global_mesh_recovered,True,bedroom,23a5fa77-0aa5-45f4-8399-3265005b1def_room_00,/wuqingyaoa800/chengjiajia_datas/dataset/JIAQI-CHEN/3D-Front/3D-FRONT/23a5fa77-0aa5-45f4-8399-3265005b1def.json,pass,1,1,False
False,room_floor_mesh,14,12,True,scene_global_mesh_recovered,True,livingroom,23a5fa77-0aa5-45f4-8399-3265005b1def_room_05,/wuqingyaoa800/chengjiajia_datas/dataset/JIAQI-CHEN/3D-Front/3D-FRONT/23a5fa77-0aa5-45f4-8399-3265005b1def.json,pass,2,0,True
False,room_floor_mesh,16,8,True,scene_global_furniture_recovered;scene_global_mesh_recovered,True,livingroom,5399de83-ec0c-4ef3-a97e-9bef301222d5_room_04,/wuqingyaoa800/chengjiajia_datas/dataset/JIAQI-CHEN/3D-Front/3D-FRONT/5399de83-ec0c-4ef3-a97e-9bef301222d5.json,pass,3,0,True
False,room_floor_mesh,8,3,True,scene_global_furniture_recovered;scene_global_mesh_recovered,True,bedroom,5399de83-ec0c-4ef3-a97e-9bef301222d5_room_05,/wuqingyaoa800/chengjiajia_datas/dataset/JIAQI-CHEN/3D-Front/3D-FRONT/5399de83-ec0c-4ef3-a97e-9bef301222d5.json,pass,0,0,False
False,room_floor_mesh,3,2,True,scene_global_furniture_recovered,True,bedroom,5399de83-ec0c-4ef3-a97e-9bef301222d5_room_06,/wuqingyaoa800/chengjiajia_datas/dataset/JIAQI-CHEN/3D-Front/3D-FRONT/5399de83-ec0c-4ef3-a97e-9bef301222d5.json,pass,0,0,False
False,room_floor_mesh,4,2,True,scene_global_furniture_recovered,True,bedroom,6379e703-a2fb-4d36-a417-30e0357a31ad_room_02,/wuqingyaoa800/chengjiajia_datas/dataset/JIAQI-CHEN/3D-Front/3D-FRONT/6379e703-a2fb-4d36-a417-30e0357a31ad.json,pass,0,0,False
False,room_floor_mesh,5,3,True,scene_global_furniture_recovered,True,livingroom,6379e703-a2fb-4d36-a417-30e0357a31ad_room_03,/wuqingyaoa800/chengjiajia_datas/dataset/JIAQI-CHEN/3D-Front/3D-FRONT/6379e703-a2fb-4d36-a417-30e0357a31ad.json,pass,1,0,True
False,room_floor_mesh,1,0,True,scene_global_furniture_recovered,True,bedroom,6379e703-a2fb-4d36-a417-30e0357a31ad_room_05,/wuqingyaoa800/chengjiajia_datas/dataset/JIAQI-CHEN/3D-Front/3D-FRONT/6379e703-a2fb-4d36-a417-30e0357a31ad.json,pass,2,1,True
False,room_floor_mesh,4,0,True,scene_global_mesh_recovered,True,bedroom,3f2629fe-a957-4e83-893a-28d476318740_room_00,/wuqingyaoa800/chengjiajia_datas/dataset/JIAQI-CHEN/3D-Front/3D-FRONT/3f2629fe-a957-4e83-893a-28d476318740.json,pass,1,1,False
False,room_floor_mesh,10,8,True,scene_global_mesh_recovered,True,livingroom,3f2629fe-a957-4e83-893a-28d476318740_room_02,/wuqingyaoa800/chengjiajia_datas/dataset/JIAQI-CHEN/3D-Front/3D-FRONT/3f2629fe-a957-4e83-893a-28d476318740.json,pass,0,0,False
False,room_floor_mesh,16,10,True,scene_global_furniture_recovered;scene_global_mesh_recovered,True,livingroom,62062aeb-6bf3-4b6b-964c-94583cb1e030_room_00,/wuqingyaoa800/chengjiajia_datas/dataset/JIAQI-CHEN/3D-Front/3D-FRONT/62062aeb-6bf3-4b6b-964c-94583cb1e030.json,pass,6,2,True
False,room_floor_mesh,1,0,True,scene_global_furniture_recovered,True,bedroom,555d38a7-689e-4340-ae91-a9a1dd650216_room_01,/wuqingyaoa800/chengjiajia_datas/dataset/JIAQI-CHEN/3D-Front/3D-FRONT/555d38a7-689e-4340-ae91-a9a1dd650216.json,pass,2,1,True
False,room_floor_mesh,1,0,True,scene_global_furniture_recovered,True,bedroom,555d38a7-689e-4340-ae91-a9a1dd650216_room_02,/wuqingyaoa800/chengjiajia_datas/dataset/JIAQI-CHEN/3D-Front/3D-FRONT/555d38a7-689e-4340-ae91-a9a1dd650216.json,pass,2,1,True
False,room_floor_mesh,12,10,True,scene_global_mesh_recovered,True,livingroom,82085a6f-82f5-4a49-a5b1-3f69e530edb0_room_00,/wuqingyaoa800/chengjiajia_datas/dataset/JIAQI-CHEN/3D-Front/3D-FRONT/82085a6f-82f5-4a49-a5b1-3f69e530edb0.json,pass,2,1,True
False,room_floor_mesh,4,0,True,scene_global_mesh_recovered,True,bedroom,82085a6f-82f5-4a49-a5b1-3f69e530edb0_room_05,/wuqingyaoa800/chengjiajia_datas/dataset/JIAQI-CHEN/3D-Front/3D-FRONT/82085a6f-82f5-4a49-a5b1-3f69e530edb0.json,pass,2,0,True
False,room_floor_mesh,6,4,True,scene_global_furniture_recovered,True,livingroom,4fad04b4-6651-41ff-bacc-b96090d4d66e_room_00,/wuqingyaoa800/chengjiajia_datas/dataset/JIAQI-CHEN/3D-Front/3D-FRONT/4fad04b4-6651-41ff-bacc-b96090d4d66e.json,pass,0,0,False
False,room_floor_mesh,6,3,True,scene_global_furniture_recovered,True,livingroom,d0c14885-e196-4d0b-ab91-e09590787a50_room_02,/wuqingyaoa800/chengjiajia_datas/dataset/JIAQI-CHEN/3D-Front/3D-FRONT/d0c14885-e196-4d0b-ab91-e09590787a50.json,pass,3,1,True
False,room_floor_mesh,3,2,True,scene_global_furniture_recovered,True,bedroom,d0c14885-e196-4d0b-ab91-e09590787a50_room_04,/wuqingyaoa800/chengjiajia_datas/dataset/JIAQI-CHEN/3D-Front/3D-FRONT/d0c14885-e196-4d0b-ab91-e09590787a50.json,pass,4,1,True
False,room_floor_mesh,1,0,True,scene_global_furniture_recovered,True,bedroom,d0c14885-e196-4d0b-ab91-e09590787a50_room_05,/wuqingyaoa800/chengjiajia_datas/dataset/JIAQI-CHEN/3D-Front/3D-FRONT/d0c14885-e196-4d0b-ab91-e09590787a50.json,pass,2,1,True
False,room_floor_mesh,2,1,True,scene_global_furniture_recovered,False,kidsroom,d0c14885-e196-4d0b-ab91-e09590787a50_room_06,/wuqingyaoa800/chengjiajia_datas/dataset/JIAQI-CHEN/3D-Front/3D-FRONT/d0c14885-e196-4d0b-ab91-e09590787a50.json,pass,2,1,True
False,room_floor_mesh,23,0,True,scene_global_furniture_recovered;scene_global_mesh_recovered,True,bedroom,75c62dac-2d9c-4d49-b43a-b66986acddd4_room_01,/wuqingyaoa800/chengjiajia_datas/dataset/JIAQI-CHEN/3D-Front/3D-FRONT/75c62dac-2d9c-4d49-b43a-b66986acddd4.json,pass,0,0,False
False,room_floor_mesh,6,2,True,scene_global_furniture_recovered;scene_global_mesh_recovered,True,bedroom,75c62dac-2d9c-4d49-b43a-b66986acddd4_room_02,/wuqingyaoa800/chengjiajia_datas/dataset/JIAQI-CHEN/3D-Front/3D-FRONT/75c62dac-2d9c-4d49-b43a-b66986acddd4.json,pass,17,4,True
False,room_floor_mesh,39,8,True,scene_global_furniture_recovered;scene_global_mesh_recovered,True,livingroom,75c62dac-2d9c-4d49-b43a-b66986acddd4_room_05,/wuqingyaoa800/chengjiajia_datas/dataset/JIAQI-CHEN/3D-Front/3D-FRONT/75c62dac-2d9c-4d49-b43a-b66986acddd4.json,pass,7,7,False
False,room_floor_mesh,9,4,True,scene_global_furniture_recovered,True,livingroom,f5ee5167-b1c2-4fb2-86b4-5f5b609fe371_room_01,/wuqingyaoa800/chengjiajia_datas/dataset/JIAQI-CHEN/3D-Front/3D-FRONT/f5ee5167-b1c2-4fb2-86b4-5f5b609fe371.json,pass,2,1,True
False,room_floor_mesh,1,0,True,scene_global_furniture_recovered,True,bedroom,f5ee5167-b1c2-4fb2-86b4-5f5b609fe371_room_03,/wuqingyaoa800/chengjiajia_datas/dataset/JIAQI-CHEN/3D-Front/3D-FRONT/f5ee5167-b1c2-4fb2-86b4-5f5b609fe371.json,pass,2,1,True
False,room_floor_mesh,4,2,True,scene_global_furniture_recovered;scene_global_mesh_recovered,True,bedroom,035d7de7-b8eb-4ef6-8acc-d49216b97818_room_01,/wuqingyaoa800/chengjiajia_datas/dataset/JIAQI-CHEN/3D-Front/3D-FRONT/035d7de7-b8eb-4ef6-8acc-d49216b97818.json,pass,4,4,False
False,room_floor_mesh,2,1,True,scene_global_furniture_recovered,False,hallway,c3736ed2-0444-41af-a49c-dad4e42a65b6_room_01,/wuqingyaoa800/chengjiajia_datas/dataset/JIAQI-CHEN/3D-Front/3D-FRONT/c3736ed2-0444-41af-a49c-dad4e42a65b6.json,pass,2,1,True
False,room_floor_mesh,3,1,True,scene_global_furniture_recovered,True,bedroom,c3736ed2-0444-41af-a49c-dad4e42a65b6_room_02,/wuqingyaoa800/chengjiajia_datas/dataset/JIAQI-CHEN/3D-Front/3D-FRONT/c3736ed2-0444-41af-a49c-dad4e42a65b6.json,pass,6,3,True
False,room_floor_mesh,1,0,True,scene_global_furniture_recovered,False,kidsroom,c3736ed2-0444-41af-a49c-dad4e42a65b6_room_03,/wuqingyaoa800/chengjiajia_datas/dataset/JIAQI-CHEN/3D-Front/3D-FRONT/c3736ed2-0444-41af-a49c-dad4e42a65b6.json,pass,2,1,True
False,room_floor_mesh,2,0,True,scene_global_furniture_recovered,True,livingroom,c3736ed2-0444-41af-a49c-dad4e42a65b6_room_04,/wuqingyaoa800/chengjiajia_datas/dataset/JIAQI-CHEN/3D-Front/3D-FRONT/c3736ed2-0444-41af-a49c-dad4e42a65b6.json,pass,2,1,True
False,room_floor_mesh,4,2,True,scene_global_furniture_recovered,False,cloakroom,c3736ed2-0444-41af-a49c-dad4e42a65b6_room_05,/wuqingyaoa800/chengjiajia_datas/dataset/JIAQI-CHEN/3D-Front/3D-FRONT/c3736ed2-0444-41af-a49c-dad4e42a65b6.json,pass,0,0,False
False,room_floor_mesh,6,3,True,scene_global_furniture_recovered,False,aisle,c3736ed2-0444-41af-a49c-dad4e42a65b6_room_06,/wuqingyaoa800/chengjiajia_datas/dataset/JIAQI-CHEN/3D-Front/3D-FRONT/c3736ed2-0444-41af-a49c-dad4e42a65b6.json,pass,0,0,False
False,room_floor_mesh,1,0,True,scene_global_furniture_recovered,True,bedroom,9a697b01-5800-40fe-b290-86c2779e2517_room_01,/wuqingyaoa800/chengjiajia_datas/dataset/JIAQI-CHEN/3D-Front/3D-FRONT/9a697b01-5800-40fe-b290-86c2779e2517.json,pass,2,1,True
False,room_floor_mesh,3,1,True,scene_global_furniture_recovered,True,bedroom,9a697b01-5800-40fe-b290-86c2779e2517_room_02,/wuqingyaoa800/chengjiajia_datas/dataset/JIAQI-CHEN/3D-Front/3D-FRONT/9a697b01-5800-40fe-b290-86c2779e2517.json,pass,2,1,True
False,room_floor_mesh,3,1,True,scene_global_furniture_recovered,True,livingroom,9a697b01-5800-40fe-b290-86c2779e2517_room_04,/wuqingyaoa800/chengjiajia_datas/dataset/JIAQI-CHEN/3D-Front/3D-FRONT/9a697b01-5800-40fe-b290-86c2779e2517.json,pass,0,0,False
False,room_floor_mesh,27,21,True,scene_global_furniture_recovered;scene_global_mesh_recovered,False,corridor,fde749eb-c254-4ab8-af73-c9591a476a85_room_04,/wuqingyaoa800/chengjiajia_datas/dataset/JIAQI-CHEN/3D-Front/3D-FRONT/fde749eb-c254-4ab8-af73-c9591a476a85.json,pass,14,0,True
False,room_floor_mesh,14,3,True,scene_global_furniture_recovered;scene_global_mesh_recovered,True,livingroom,60b0ee4f-0ee5-4e85-b907-9d03003c257a_room_02,/wuqingyaoa800/chengjiajia_datas/dataset/JIAQI-CHEN/3D-Front/3D-FRONT/60b0ee4f-0ee5-4e85-b907-9d03003c257a.json,pass,1,0,True
False,room_floor_mesh,5,0,True,scene_global_furniture_recovered;scene_global_mesh_recovered,False,laundryroom,60b0ee4f-0ee5-4e85-b907-9d03003c257a_room_03,/wuqingyaoa800/chengjiajia_datas/dataset/JIAQI-CHEN/3D-Front/3D-FRONT/60b0ee4f-0ee5-4e85-b907-9d03003c257a.json,pass,0,0,False
False,room_floor_mesh,5,2,True,scene_global_furniture_recovered;scene_global_mesh_recovered,True,bedroom,60b0ee4f-0ee5-4e85-b907-9d03003c257a_room_07,/wuqingyaoa800/chengjiajia_datas/dataset/JIAQI-CHEN/3D-Front/3D-FRONT/60b0ee4f-0ee5-4e85-b907-9d03003c257a.json,pass,13,11,True
False,room_floor_mesh,10,8,True,scene_global_mesh_recovered,True,livingroom,0c79dbe0-dd22-403a-a757-1afd9a33ffe7_room_01,/wuqingyaoa800/chengjiajia_datas/dataset/JIAQI-CHEN/3D-Front/3D-FRONT/0c79dbe0-dd22-403a-a757-1afd9a33ffe7.json,pass,2,0,True
False,room_floor_mesh,4,0,True,scene_global_mesh_recovered,True,bedroom,0c79dbe0-dd22-403a-a757-1afd9a33ffe7_room_04,/wuqingyaoa800/chengjiajia_datas/dataset/JIAQI-CHEN/3D-Front/3D-FRONT/0c79dbe0-dd22-403a-a757-1afd9a33ffe7.json,pass,3,0,True
False,room_floor_mesh,4,2,True,scene_global_furniture_recovered,True,livingroom,76b9e260-e7f4-43a2-96bc-45ddfc3e3c22_room_04,/wuqingyaoa800/chengjiajia_datas/dataset/JIAQI-CHEN/3D-Front/3D-FRONT/76b9e260-e7f4-43a2-96bc-45ddfc3e3c22.json,pass,0,0,False
False,room_floor_mesh,0,0,False,,True,livingroom,b3c0420b-d411-4886-9e3b-56c1384bc521_room_03,/wuqingyaoa800/chengjiajia_datas/dataset/JIAQI-CHEN/3D-Front/3D-FRONT/b3c0420b-d411-4886-9e3b-56c1384bc521.json,drop_no_recoverable_door_anchor,2,1,True
False,room_floor_mesh,14,4,True,scene_global_furniture_recovered;scene_global_mesh_recovered,True,livingroom,db79aa4f-4fab-459a-9137-ee54e31b46e2_room_00,/wuqingyaoa800/chengjiajia_datas/dataset/JIAQI-CHEN/3D-Front/3D-FRONT/db79aa4f-4fab-459a-9137-ee54e31b46e2.json,pass,4,2,True
False,room_floor_mesh,5,0,True,scene_global_furniture_recovered;scene_global_mesh_recovered,False,kidsroom,db79aa4f-4fab-459a-9137-ee54e31b46e2_room_02,/wuqingyaoa800/chengjiajia_datas/dataset/JIAQI-CHEN/3D-Front/3D-FRONT/db79aa4f-4fab-459a-9137-ee54e31b46e2.json,pass,3,2,True
False,room_floor_mesh,1,0,True,scene_global_furniture_recovered,False,kidsroom,e604494e-6f67-4fe9-af75-5f30b819d8aa_room_02,/wuqingyaoa800/chengjiajia_datas/dataset/JIAQI-CHEN/3D-Front/3D-FRONT/e604494e-6f67-4fe9-af75-5f30b819d8aa.json,pass,2,1,True
False,room_floor_mesh,3,1,True,scene_global_furniture_recovered,True,livingroom,e604494e-6f67-4fe9-af75-5f30b819d8aa_room_04,/wuqingyaoa800/chengjiajia_datas/dataset/JIAQI-CHEN/3D-Front/3D-FRONT/e604494e-6f67-4fe9-af75-5f30b819d8aa.json,pass,0,0,False
False,room_floor_mesh,2,2,False,,True,bedroom,36b29e71-bdce-40c6-948e-ed904eb94282_room_00,/wuqingyaoa800/chengjiajia_datas/dataset/JIAQI-CHEN/3D-Front/3D-FRONT/36b29e71-bdce-40c6-948e-ed904eb94282.json,pass,4,2,True
False,room_floor_mesh,14,7,True,scene_global_furniture_recovered;scene_global_mesh_recovered,True,livingroom,825acf77-b557-44bc-82f8-ccb2b9e1ca58_room_05,/wuqingyaoa800/chengjiajia_datas/dataset/JIAQI-CHEN/3D-Front/3D-FRONT/825acf77-b557-44bc-82f8-ccb2b9e1ca58.json,pass,0,0,False
False,room_floor_mesh,2,1,True,scene_global_furniture_recovered,True,bedroom,825acf77-b557-44bc-82f8-ccb2b9e1ca58_room_06,/wuqingyaoa800/chengjiajia_datas/dataset/JIAQI-CHEN/3D-Front/3D-FRONT/825acf77-b557-44bc-82f8-ccb2b9e1ca58.json,pass,4,4,False
False,room_floor_mesh,3,2,True,scene_global_furniture_recovered,True,bedroom,825acf77-b557-44bc-82f8-ccb2b9e1ca58_room_08,/wuqingyaoa800/chengjiajia_datas/dataset/JIAQI-CHEN/3D-Front/3D-FRONT/825acf77-b557-44bc-82f8-ccb2b9e1ca58.json,pass,4,4,False
False,room_floor_mesh,2,0,True,scene_global_mesh_recovered,True,bedroom,5ea5747d-3f89-4d8f-b9a5-ed4631b2f20f_room_03,/wuqingyaoa800/chengjiajia_datas/dataset/JIAQI-CHEN/3D-Front/3D-FRONT/5ea5747d-3f89-4d8f-b9a5-ed4631b2f20f.json,pass,1,1,False
False,room_floor_mesh,2,0,True,scene_global_mesh_recovered,True,bedroom,5ea5747d-3f89-4d8f-b9a5-ed4631b2f20f_room_05,/wuqingyaoa800/chengjiajia_datas/dataset/JIAQI-CHEN/3D-Front/3D-FRONT/5ea5747d-3f89-4d8f-b9a5-ed4631b2f20f.json,pass,1,1,False
False,room_floor_mesh,2,0,True,scene_global_mesh_recovered,True,study,5ea5747d-3f89-4d8f-b9a5-ed4631b2f20f_room_06,/wuqingyaoa800/chengjiajia_datas/dataset/JIAQI-CHEN/3D-Front/3D-FRONT/5ea5747d-3f89-4d8f-b9a5-ed4631b2f20f.json,pass,1,1,False
False,room_floor_mesh,4,1,True,scene_global_furniture_recovered,True,bedroom,834df1f9-c2e8-4185-9412-91f0b9d1ddf4_room_05,/wuqingyaoa800/chengjiajia_datas/dataset/JIAQI-CHEN/3D-Front/3D-FRONT/834df1f9-c2e8-4185-9412-91f0b9d1ddf4.json,pass,0,0,False
False,room_floor_mesh,3,2,True,scene_global_furniture_recovered,True,bedroom,ce9be83e-8209-48cb-910a-17f7375b15c6_room_01,/wuqingyaoa800/chengjiajia_datas/dataset/JIAQI-CHEN/3D-Front/3D-FRONT/ce9be83e-8209-48cb-910a-17f7375b15c6.json,pass,2,1,True
False,room_floor_mesh,1,0,True,scene_global_furniture_recovered,True,bedroom,ce9be83e-8209-48cb-910a-17f7375b15c6_room_02,/wuqingyaoa800/chengjiajia_datas/dataset/JIAQI-CHEN/3D-Front/3D-FRONT/ce9be83e-8209-48cb-910a-17f7375b15c6.json,pass,2,1,True
False,room_floor_mesh,2,0,True,scene_global_furniture_recovered,True,study,ce9be83e-8209-48cb-910a-17f7375b15c6_room_04,/wuqingyaoa800/chengjiajia_datas/dataset/JIAQI-CHEN/3D-Front/3D-FRONT/ce9be83e-8209-48cb-910a-17f7375b15c6.json,pass,2,1,True
False,room_floor_mesh,3,1,True,scene_global_furniture_recovered,True,livingroom,ce9be83e-8209-48cb-910a-17f7375b15c6_room_07,/wuqingyaoa800/chengjiajia_datas/dataset/JIAQI-CHEN/3D-Front/3D-FRONT/ce9be83e-8209-48cb-910a-17f7375b15c6.json,pass,0,0,False
False,room_floor_mesh,10,4,True,scene_global_furniture_recovered,True,diningroom,ce9be83e-8209-48cb-910a-17f7375b15c6_room_08,/wuqingyaoa800/chengjiajia_datas/dataset/JIAQI-CHEN/3D-Front/3D-FRONT/ce9be83e-8209-48cb-910a-17f7375b15c6.json,pass,0,0,False
False,room_floor_mesh,2,1,True,scene_global_furniture_recovered,True,livingroom,5d4526b7-8bfd-45b3-bd31-80ddf5a8b5e9_room_00,/wuqingyaoa800/chengjiajia_datas/dataset/JIAQI-CHEN/3D-Front/3D-FRONT/5d4526b7-8bfd-45b3-bd31-80ddf5a8b5e9.json,pass,2,1,True
False,room_floor_mesh,3,1,True,scene_global_furniture_recovered,True,bedroom,5d4526b7-8bfd-45b3-bd31-80ddf5a8b5e9_room_01,/wuqingyaoa800/chengjiajia_datas/dataset/JIAQI-CHEN/3D-Front/3D-FRONT/5d4526b7-8bfd-45b3-bd31-80ddf5a8b5e9.json,pass,2,1,True
False,room_floor_mesh,2,1,True,scene_global_furniture_recovered,True,bedroom,5d4526b7-8bfd-45b3-bd31-80ddf5a8b5e9_room_02,/wuqingyaoa800/chengjiajia_datas/dataset/JIAQI-CHEN/3D-Front/3D-FRONT/5d4526b7-8bfd-45b3-bd31-80ddf5a8b5e9.json,pass,1,0,True
False,room_floor_mesh,4,2,True,scene_global_mesh_recovered,True,diningroom,5411a1f5-6e17-4aef-a446-f945570aa6fc_room_03,/wuqingyaoa800/chengjiajia_datas/dataset/JIAQI-CHEN/3D-Front/3D-FRONT/5411a1f5-6e17-4aef-a446-f945570aa6fc.json,pass,1,1,False
False,room_floor_mesh,2,0,True,scene_global_mesh_recovered,True,bedroom,5411a1f5-6e17-4aef-a446-f945570aa6fc_room_06,/wuqingyaoa800/chengjiajia_datas/dataset/JIAQI-CHEN/3D-Front/3D-FRONT/5411a1f5-6e17-4aef-a446-f945570aa6fc.json,pass,1,1,False
False,room_floor_mesh,2,0,True,scene_global_mesh_recovered,True,livingroom,5411a1f5-6e17-4aef-a446-f945570aa6fc_room_07,/wuqingyaoa800/chengjiajia_datas/dataset/JIAQI-CHEN/3D-Front/3D-FRONT/5411a1f5-6e17-4aef-a446-f945570aa6fc.json,pass,0,0,False
False,room_floor_mesh,4,2,True,scene_global_mesh_recovered,True,bedroom,5411a1f5-6e17-4aef-a446-f945570aa6fc_room_09,/wuqingyaoa800/chengjiajia_datas/dataset/JIAQI-CHEN/3D-Front/3D-FRONT/5411a1f5-6e17-4aef-a446-f945570aa6fc.json,pass,3,3,False
False,room_floor_mesh,0,0,False,,False,cloakroom,5411a1f5-6e17-4aef-a446-f945570aa6fc_room_10,/wuqingyaoa800/chengjiajia_datas/dataset/JIAQI-CHEN/3D-Front/3D-FRONT/5411a1f5-6e17-4aef-a446-f945570aa6fc.json,pass,0,0,False
False,room_floor_mesh,8,8,False,,True,livingroom,6d9daf45-d1ee-4749-9659-57e80d84a76f_room_00,/wuqingyaoa800/chengjiajia_datas/dataset/JIAQI-CHEN/3D-Front/3D-FRONT/6d9daf45-d1ee-4749-9659-57e80d84a76f.json,pass,2,1,True
False,room_floor_mesh,4,0,True,scene_global_mesh_recovered,True,bedroom,6d9daf45-d1ee-4749-9659-57e80d84a76f_room_01,/wuqingyaoa800/chengjiajia_datas/dataset/JIAQI-CHEN/3D-Front/3D-FRONT/6d9daf45-d1ee-4749-9659-57e80d84a76f.json,pass,1,1,False
False,room_floor_mesh,2,1,True,scene_global_furniture_recovered,True,bedroom,5a6ad201-c801-4ea3-bd67-4d7bdff0b77a_room_01,/wuqingyaoa800/chengjiajia_datas/dataset/JIAQI-CHEN/3D-Front/3D-FRONT/5a6ad201-c801-4ea3-bd67-4d7bdff0b77a.json,pass,2,1,True
False,room_floor_mesh,3,1,True,scene_global_furniture_recovered,True,study,5a6ad201-c801-4ea3-bd67-4d7bdff0b77a_room_02,/wuqingyaoa800/chengjiajia_datas/dataset/JIAQI-CHEN/3D-Front/3D-FRONT/5a6ad201-c801-4ea3-bd67-4d7bdff0b77a.json,pass,0,0,False
False,room_floor_mesh,1,0,True,scene_global_furniture_recovered,True,bedroom,5a6ad201-c801-4ea3-bd67-4d7bdff0b77a_room_05,/wuqingyaoa800/chengjiajia_datas/dataset/JIAQI-CHEN/3D-Front/3D-FRONT/5a6ad201-c801-4ea3-bd67-4d7bdff0b77a.json,pass,3,1,True
False,room_floor_mesh,1,0,True,scene_global_furniture_recovered,False,cloakroom,5a6ad201-c801-4ea3-bd67-4d7bdff0b77a_room_06,/wuqingyaoa800/chengjiajia_datas/dataset/JIAQI-CHEN/3D-Front/3D-FRONT/5a6ad201-c801-4ea3-bd67-4d7bdff0b77a.json,pass,0,0,False
False,room_floor_mesh,6,6,False,,True,livingroom,ab7e41d0-fc12-46f5-bc64-56b18bca9b15_room_00,/wuqingyaoa800/chengjiajia_datas/dataset/JIAQI-CHEN/3D-Front/3D-FRONT/ab7e41d0-fc12-46f5-bc64-56b18bca9b15.json,pass,3,3,False
False,room_floor_mesh,4,0,True,scene_global_mesh_recovered,False,kidsroom,ab7e41d0-fc12-46f5-bc64-56b18bca9b15_room_03,/wuqingyaoa800/chengjiajia_datas/dataset/JIAQI-CHEN/3D-Front/3D-FRONT/ab7e41d0-fc12-46f5-bc64-56b18bca9b15.json,pass,2,1,True
False,room_floor_mesh,2,0,True,scene_global_mesh_recovered,False,elderlyroom,ab7e41d0-fc12-46f5-bc64-56b18bca9b15_room_04,/wuqingyaoa800/chengjiajia_datas/dataset/JIAQI-CHEN/3D-Front/3D-FRONT/ab7e41d0-fc12-46f5-bc64-56b18bca9b15.json,pass,3,1,True
False,room_floor_mesh,4,2,True,scene_global_furniture_recovered,True,livingroom,213cf747-e1bc-45cc-aa5c-3f20450abdcb_room_05,/wuqingyaoa800/chengjiajia_datas/dataset/JIAQI-CHEN/3D-Front/3D-FRONT/213cf747-e1bc-45cc-aa5c-3f20450abdcb.json,pass,0,0,False
False,room_floor_mesh,4,0,True,scene_global_mesh_recovered,True,bedroom,908633f6-545c-4016-a2e7-f334120ac392_room_01,/wuqingyaoa800/chengjiajia_datas/dataset/JIAQI-CHEN/3D-Front/3D-FRONT/908633f6-545c-4016-a2e7-f334120ac392.json,pass,2,1,True
False,room_floor_mesh,12,12,False,,True,livingroom,908633f6-545c-4016-a2e7-f334120ac392_room_04,/wuqingyaoa800/chengjiajia_datas/dataset/JIAQI-CHEN/3D-Front/3D-FRONT/908633f6-545c-4016-a2e7-f334120ac392.json,pass,1,0,True
False,room_floor_mesh,3,2,True,scene_global_furniture_recovered,True,bedroom,df134fe9-7d01-4088-bad7-7be2e701ca2f_room_00,/wuqingyaoa800/chengjiajia_datas/dataset/JIAQI-CHEN/3D-Front/3D-FRONT/df134fe9-7d01-4088-bad7-7be2e701ca2f.json,pass,3,2,True
False,room_floor_mesh,6,4,True,scene_global_mesh_recovered,True,livingroom,6dd08157-3609-4a98-856e-2afc73369fbc_room_01,/wuqingyaoa800/chengjiajia_datas/dataset/JIAQI-CHEN/3D-Front/3D-FRONT/6dd08157-3609-4a98-856e-2afc73369fbc.json,pass,0,0,False
False,room_floor_mesh,4,2,True,scene_global_mesh_recovered,True,bedroom,2175e145-fe04-4b66-a0e9-6f04a6497bcf_room_02,/wuqingyaoa800/chengjiajia_datas/dataset/JIAQI-CHEN/3D-Front/3D-FRONT/2175e145-fe04-4b66-a0e9-6f04a6497bcf.json,pass,11,11,False
False,room_floor_mesh,4,0,True,scene_global_mesh_recovered,True,livingroom,2175e145-fe04-4b66-a0e9-6f04a6497bcf_room_05,/wuqingyaoa800/chengjiajia_datas/dataset/JIAQI-CHEN/3D-Front/3D-FRONT/2175e145-fe04-4b66-a0e9-6f04a6497bcf.json,pass,0,0,False
False,room_floor_mesh,6,6,False,,False,hallway,2175e145-fe04-4b66-a0e9-6f04a6497bcf_room_08,/wuqingyaoa800/chengjiajia_datas/dataset/JIAQI-CHEN/3D-Front/3D-FRONT/2175e145-fe04-4b66-a0e9-6f04a6497bcf.json,pass,0,0,False
False,room_floor_mesh,6,2,True,scene_global_furniture_recovered,True,livingroom,caff9162-0c11-427b-b471-b1c9b495896a_room_02,/wuqingyaoa800/chengjiajia_datas/dataset/JIAQI-CHEN/3D-Front/3D-FRONT/caff9162-0c11-427b-b471-b1c9b495896a.json,pass,3,1,True
False,room_floor_mesh,2,1,True,scene_global_furniture_recovered,True,bedroom,caff9162-0c11-427b-b471-b1c9b495896a_room_04,/wuqingyaoa800/chengjiajia_datas/dataset/JIAQI-CHEN/3D-Front/3D-FRONT/caff9162-0c11-427b-b471-b1c9b495896a.json,pass,14,11,True
False,room_floor_mesh,2,1,True,scene_global_furniture_recovered,False,kidsroom,caff9162-0c11-427b-b471-b1c9b495896a_room_06,/wuqingyaoa800/chengjiajia_datas/dataset/JIAQI-CHEN/3D-Front/3D-FRONT/caff9162-0c11-427b-b471-b1c9b495896a.json,pass,12,11,True
False,room_floor_mesh,1,0,True,scene_global_furniture_recovered,True,bedroom,198eb9ec-9059-4e26-958e-dc8fb8187713_room_02,/wuqingyaoa800/chengjiajia_datas/dataset/JIAQI-CHEN/3D-Front/3D-FRONT/198eb9ec-9059-4e26-958e-dc8fb8187713.json,pass,2,1,True
False,room_floor_mesh,2,1,True,scene_global_furniture_recovered,True,livingroom,7c2e62e7-ab51-4900-bfdc-1932415fb295_room_01,/wuqingyaoa800/chengjiajia_datas/dataset/JIAQI-CHEN/3D-Front/3D-FRONT/7c2e62e7-ab51-4900-bfdc-1932415fb295.json,pass,5,1,True
False,room_floor_mesh,2,1,True,scene_global_furniture_recovered,True,bedroom,7c2e62e7-ab51-4900-bfdc-1932415fb295_room_07,/wuqingyaoa800/chengjiajia_datas/dataset/JIAQI-CHEN/3D-Front/3D-FRONT/7c2e62e7-ab51-4900-bfdc-1932415fb295.json,pass,1,0,True
False,room_floor_mesh,2,0,True,scene_global_mesh_recovered,True,bedroom,cbbaa3ef-e12d-42bf-a8c6-35719d6e86c8_room_01,/wuqingyaoa800/chengjiajia_datas/dataset/JIAQI-CHEN/3D-Front/3D-FRONT/cbbaa3ef-e12d-42bf-a8c6-35719d6e86c8.json,pass,1,1,False
False,room_floor_mesh,2,0,True,scene_global_mesh_recovered,True,bedroom,cbbaa3ef-e12d-42bf-a8c6-35719d6e86c8_room_03,/wuqingyaoa800/chengjiajia_datas/dataset/JIAQI-CHEN/3D-Front/3D-FRONT/cbbaa3ef-e12d-42bf-a8c6-35719d6e86c8.json,pass,1,1,False
False,room_floor_mesh,10,8,True,scene_global_mesh_recovered,True,livingroom,3f6df3ff-611d-4259-a65f-57641b3e993e_room_01,/wuqingyaoa800/chengjiajia_datas/dataset/JIAQI-CHEN/3D-Front/3D-FRONT/3f6df3ff-611d-4259-a65f-57641b3e993e.json,pass,2,1,True
False,room_floor_mesh,2,0,True,scene_global_mesh_recovered,True,bedroom,3f6df3ff-611d-4259-a65f-57641b3e993e_room_02,/wuqingyaoa800/chengjiajia_datas/dataset/JIAQI-CHEN/3D-Front/3D-FRONT/3f6df3ff-611d-4259-a65f-57641b3e993e.json,pass,1,1,False
False,room_floor_mesh,2,0,True,scene_global_mesh_recovered,True,bedroom,3f6df3ff-611d-4259-a65f-57641b3e993e_room_03,/wuqingyaoa800/chengjiajia_datas/dataset/JIAQI-CHEN/3D-Front/3D-FRONT/3f6df3ff-611d-4259-a65f-57641b3e993e.json,pass,1,1,False
False,room_floor_mesh,4,1,True,scene_global_furniture_recovered;scene_global_mesh_recovered,False,kidsroom,1bb9605f-fd81-45ef-a483-85c41038bc80_room_01,/wuqingyaoa800/chengjiajia_datas/dataset/JIAQI-CHEN/3D-Front/3D-FRONT/1bb9605f-fd81-45ef-a483-85c41038bc80.json,pass,3,2,True
False,room_floor_mesh,7,2,True,scene_global_furniture_recovered;scene_global_mesh_recovered,True,bedroom,1bb9605f-fd81-45ef-a483-85c41038bc80_room_02,/wuqingyaoa800/chengjiajia_datas/dataset/JIAQI-CHEN/3D-Front/3D-FRONT/1bb9605f-fd81-45ef-a483-85c41038bc80.json,pass,3,2,True
False,room_floor_mesh,3,0,True,scene_global_furniture_recovered;scene_global_mesh_recovered,True,study,1bb9605f-fd81-45ef-a483-85c41038bc80_room_03,/wuqingyaoa800/chengjiajia_datas/dataset/JIAQI-CHEN/3D-Front/3D-FRONT/1bb9605f-fd81-45ef-a483-85c41038bc80.json,pass,3,2,True
False,room_floor_mesh,12,10,True,scene_global_furniture_recovered;scene_global_mesh_recovered,True,livingroom,1bb9605f-fd81-45ef-a483-85c41038bc80_room_06,/wuqingyaoa800/chengjiajia_datas/dataset/JIAQI-CHEN/3D-Front/3D-FRONT/1bb9605f-fd81-45ef-a483-85c41038bc80.json,pass,3,0,True
False,room_floor_mesh,6,4,True,scene_global_furniture_recovered,True,livingroom,058205e1-6ec4-4342-a609-1ecce3551c3b_room_00,/wuqingyaoa800/chengjiajia_datas/dataset/JIAQI-CHEN/3D-Front/3D-FRONT/058205e1-6ec4-4342-a609-1ecce3551c3b.json,pass,3,2,True
False,room_floor_mesh,2,0,True,scene_global_furniture_recovered;scene_global_mesh_recovered,True,bedroom,058205e1-6ec4-4342-a609-1ecce3551c3b_room_01,/wuqingyaoa800/chengjiajia_datas/dataset/JIAQI-CHEN/3D-Front/3D-FRONT/058205e1-6ec4-4342-a609-1ecce3551c3b.json,pass,3,2,True
False,room_floor_mesh,2,0,True,scene_global_mesh_recovered,True,bedroom,4b5269e4-7e4a-45a3-88fc-3a13f1cae1c5_room_01,/wuqingyaoa800/chengjiajia_datas/dataset/JIAQI-CHEN/3D-Front/3D-FRONT/4b5269e4-7e4a-45a3-88fc-3a13f1cae1c5.json,pass,1,1,False
False,room_floor_mesh,6,0,True,scene_global_mesh_recovered,False,kidsroom,4b5269e4-7e4a-45a3-88fc-3a13f1cae1c5_room_03,/wuqingyaoa800/chengjiajia_datas/dataset/JIAQI-CHEN/3D-Front/3D-FRONT/4b5269e4-7e4a-45a3-88fc-3a13f1cae1c5.json,pass,1,1,False
False,room_floor_mesh,2,0,True,scene_global_furniture_recovered;scene_global_mesh_recovered,True,bedroom,254a69b2-abef-4975-9c96-05649f1efd28_room_01,/wuqingyaoa800/chengjiajia_datas/dataset/JIAQI-CHEN/3D-Front/3D-FRONT/254a69b2-abef-4975-9c96-05649f1efd28.json,pass,3,2,True
False,room_floor_mesh,10,7,True,scene_global_furniture_recovered,True,livingroom,254a69b2-abef-4975-9c96-05649f1efd28_room_02,/wuqingyaoa800/chengjiajia_datas/dataset/JIAQI-CHEN/3D-Front/3D-FRONT/254a69b2-abef-4975-9c96-05649f1efd28.json,pass,1,0,True
False,room_floor_mesh,3,1,True,scene_global_furniture_recovered;scene_global_mesh_recovered,True,study,254a69b2-abef-4975-9c96-05649f1efd28_room_03,/wuqingyaoa800/chengjiajia_datas/dataset/JIAQI-CHEN/3D-Front/3D-FRONT/254a69b2-abef-4975-9c96-05649f1efd28.json,pass,4,4,False
False,room_floor_mesh,2,1,True,scene_global_furniture_recovered,True,bedroom,9c4e6b9f-1d60-4ee5-b4d6-135b2a8745a3_room_04,/wuqingyaoa800/chengjiajia_datas/dataset/JIAQI-CHEN/3D-Front/3D-FRONT/9c4e6b9f-1d60-4ee5-b4d6-135b2a8745a3.json,pass,2,1,True
False,room_floor_mesh,6,1,True,scene_global_furniture_recovered,True,livingroom,9c4e6b9f-1d60-4ee5-b4d6-135b2a8745a3_room_05,/wuqingyaoa800/chengjiajia_datas/dataset/JIAQI-CHEN/3D-Front/3D-FRONT/9c4e6b9f-1d60-4ee5-b4d6-135b2a8745a3.json,pass,0,0,False
False,room_floor_mesh,1,0,True,scene_global_furniture_recovered,True,bedroom,9c4e6b9f-1d60-4ee5-b4d6-135b2a8745a3_room_09,/wuqingyaoa800/chengjiajia_datas/dataset/JIAQI-CHEN/3D-Front/3D-FRONT/9c4e6b9f-1d60-4ee5-b4d6-135b2a8745a3.json,pass,0,0,False
False,room_floor_mesh,11,10,True,scene_global_furniture_recovered,True,livingroom,1e7966ed-1b5b-426b-aaef-395475df7dcd_room_00,/wuqingyaoa800/chengjiajia_datas/dataset/JIAQI-CHEN/3D-Front/3D-FRONT/1e7966ed-1b5b-426b-aaef-395475df7dcd.json,pass,4,3,True
False,room_floor_mesh,13,4,True,scene_global_furniture_recovered;scene_global_mesh_recovered,True,bedroom,1e7966ed-1b5b-426b-aaef-395475df7dcd_room_04,/wuqingyaoa800/chengjiajia_datas/dataset/JIAQI-CHEN/3D-Front/3D-FRONT/1e7966ed-1b5b-426b-aaef-395475df7dcd.json,pass,3,2,True
False,room_floor_mesh,7,0,True,scene_global_furniture_recovered;scene_global_mesh_recovered,True,bedroom,1e7966ed-1b5b-426b-aaef-395475df7dcd_room_05,/wuqingyaoa800/chengjiajia_datas/dataset/JIAQI-CHEN/3D-Front/3D-FRONT/1e7966ed-1b5b-426b-aaef-395475df7dcd.json,pass,0,0,False
False,room_floor_mesh,7,0,True,scene_global_furniture_recovered;scene_global_mesh_recovered,False,lounge,1e7966ed-1b5b-426b-aaef-395475df7dcd_room_07,/wuqingyaoa800/chengjiajia_datas/dataset/JIAQI-CHEN/3D-Front/3D-FRONT/1e7966ed-1b5b-426b-aaef-395475df7dcd.json,pass,0,0,False
False,room_floor_mesh,8,6,True,scene_global_mesh_recovered,True,livingroom,fe6dd857-df5a-4dbd-8121-e22d1c321455_room_01,/wuqingyaoa800/chengjiajia_datas/dataset/JIAQI-CHEN/3D-Front/3D-FRONT/fe6dd857-df5a-4dbd-8121-e22d1c321455.json,pass,1,1,False
False,room_floor_mesh,2,0,True,scene_global_mesh_recovered,True,bedroom,fe6dd857-df5a-4dbd-8121-e22d1c321455_room_02,/wuqingyaoa800/chengjiajia_datas/dataset/JIAQI-CHEN/3D-Front/3D-FRONT/fe6dd857-df5a-4dbd-8121-e22d1c321455.json,pass,2,1,True
False,room_floor_mesh,0,0,False,,False,otherroom,9a6efb10-bdba-46e5-85e8-75993fd1235a_room_03,/wuqingyaoa800/chengjiajia_datas/dataset/JIAQI-CHEN/3D-Front/3D-FRONT/9a6efb10-bdba-46e5-85e8-75993fd1235a.json,pass,3,2,True
False,room_floor_mesh,0,0,False,,False,otherroom,9a6efb10-bdba-46e5-85e8-75993fd1235a_room_04,/wuqingyaoa800/chengjiajia_datas/dataset/JIAQI-CHEN/3D-Front/3D-FRONT/9a6efb10-bdba-46e5-85e8-75993fd1235a.json,pass,3,2,True
False,room_floor_mesh,0,0,False,,False,otherroom,9a6efb10-bdba-46e5-85e8-75993fd1235a_room_05,/wuqingyaoa800/chengjiajia_datas/dataset/JIAQI-CHEN/3D-Front/3D-FRONT/9a6efb10-bdba-46e5-85e8-75993fd1235a.json,pass,3,2,True
False,room_floor_mesh,4,0,True,scene_global_mesh_recovered,True,bedroom,225aa50d-aac7-4eb5-8a24-800a80d27d50_room_02,/wuqingyaoa800/chengjiajia_datas/dataset/JIAQI-CHEN/3D-Front/3D-FRONT/225aa50d-aac7-4eb5-8a24-800a80d27d50.json,pass,2,1,True
False,room_floor_mesh,4,0,True,scene_global_mesh_recovered,True,bedroom,225aa50d-aac7-4eb5-8a24-800a80d27d50_room_04,/wuqingyaoa800/chengjiajia_datas/dataset/JIAQI-CHEN/3D-Front/3D-FRONT/225aa50d-aac7-4eb5-8a24-800a80d27d50.json,pass,2,0,True
False,room_floor_mesh,4,3,True,scene_global_mesh_recovered,True,livingroom,5bc6a160-c372-42a7-aada-dca5bb6d9593_room_00,/wuqingyaoa800/chengjiajia_datas/dataset/JIAQI-CHEN/3D-Front/3D-FRONT/5bc6a160-c372-42a7-aada-dca5bb6d9593.json,pass,3,2,True
False,room_floor_mesh,2,1,True,scene_global_furniture_recovered,True,study,5bc6a160-c372-42a7-aada-dca5bb6d9593_room_01,/wuqingyaoa800/chengjiajia_datas/dataset/JIAQI-CHEN/3D-Front/3D-FRONT/5bc6a160-c372-42a7-aada-dca5bb6d9593.json,pass,3,2,True
False,room_floor_mesh,10,8,True,scene_global_mesh_recovered,True,livingroom,23444087-afa2-4072-977e-ae4d446a727c_room_00,/wuqingyaoa800/chengjiajia_datas/dataset/JIAQI-CHEN/3D-Front/3D-FRONT/23444087-afa2-4072-977e-ae4d446a727c.json,pass,3,1,True
False,room_floor_mesh,2,0,True,scene_global_mesh_recovered,True,bedroom,23444087-afa2-4072-977e-ae4d446a727c_room_01,/wuqingyaoa800/chengjiajia_datas/dataset/JIAQI-CHEN/3D-Front/3D-FRONT/23444087-afa2-4072-977e-ae4d446a727c.json,pass,1,1,False
False,room_floor_mesh,4,0,True,scene_global_mesh_recovered,True,bedroom,23444087-afa2-4072-977e-ae4d446a727c_room_02,/wuqingyaoa800/chengjiajia_datas/dataset/JIAQI-CHEN/3D-Front/3D-FRONT/23444087-afa2-4072-977e-ae4d446a727c.json,pass,2,2,False
False,room_floor_mesh,0,0,False,,True,bedroom,a90118af-0020-44f0-8699-be48e0bdcbb6_room_02,/wuqingyaoa800/chengjiajia_datas/dataset/JIAQI-CHEN/3D-Front/3D-FRONT/a90118af-0020-44f0-8699-be48e0bdcbb6.json,drop_no_recoverable_door_anchor,0,0,False
False,room_floor_mesh,0,0,False,,True,livingroom,a90118af-0020-44f0-8699-be48e0bdcbb6_room_03,/wuqingyaoa800/chengjiajia_datas/dataset/JIAQI-CHEN/3D-Front/3D-FRONT/a90118af-0020-44f0-8699-be48e0bdcbb6.json,drop_no_recoverable_door_anchor,1,0,True
False,room_floor_mesh,0,0,False,,True,bedroom,a90118af-0020-44f0-8699-be48e0bdcbb6_room_05,/wuqingyaoa800/chengjiajia_datas/dataset/JIAQI-CHEN/3D-Front/3D-FRONT/a90118af-0020-44f0-8699-be48e0bdcbb6.json,drop_no_recoverable_door_anchor,3,0,True
False,room_floor_mesh,3,2,True,scene_global_furniture_recovered,True,bedroom,0e45250b-ab40-4b92-ae14-227c18241098_room_00,/wuqingyaoa800/chengjiajia_datas/dataset/JIAQI-CHEN/3D-Front/3D-FRONT/0e45250b-ab40-4b92-ae14-227c18241098.json,pass,3,2,True
False,room_floor_mesh,24,17,True,scene_global_furniture_recovered;scene_global_mesh_recovered,True,livingroom,775b08d5-194f-4a6a-8eeb-7058c48641d4_room_01,/wuqingyaoa800/chengjiajia_datas/dataset/JIAQI-CHEN/3D-Front/3D-FRONT/775b08d5-194f-4a6a-8eeb-7058c48641d4.json,pass,3,2,True
False,room_floor_mesh,5,1,True,scene_global_furniture_recovered;scene_global_mesh_recovered,True,bedroom,775b08d5-194f-4a6a-8eeb-7058c48641d4_room_03,/wuqingyaoa800/chengjiajia_datas/dataset/JIAQI-CHEN/3D-Front/3D-FRONT/775b08d5-194f-4a6a-8eeb-7058c48641d4.json,pass,3,2,True
False,room_floor_mesh,10,4,True,scene_global_mesh_recovered,True,livingroom,84792e19-2521-40c2-864b-c755010f6c00_room_01,/wuqingyaoa800/chengjiajia_datas/dataset/JIAQI-CHEN/3D-Front/3D-FRONT/84792e19-2521-40c2-864b-c755010f6c00.json,pass,2,0,True
False,room_floor_mesh,6,0,True,scene_global_mesh_recovered,True,bedroom,84792e19-2521-40c2-864b-c755010f6c00_room_07,/wuqingyaoa800/chengjiajia_datas/dataset/JIAQI-CHEN/3D-Front/3D-FRONT/84792e19-2521-40c2-864b-c755010f6c00.json,pass,1,1,False
False,room_floor_mesh,6,0,True,scene_global_mesh_recovered,True,study,84792e19-2521-40c2-864b-c755010f6c00_room_08,/wuqingyaoa800/chengjiajia_datas/dataset/JIAQI-CHEN/3D-Front/3D-FRONT/84792e19-2521-40c2-864b-c755010f6c00.json,pass,1,1,False
False,room_floor_mesh,7,0,True,scene_global_furniture_recovered;scene_global_mesh_recovered,True,bedroom,89e34f34-33fa-4090-8388-f912a75e9400_room_00,/wuqingyaoa800/chengjiajia_datas/dataset/JIAQI-CHEN/3D-Front/3D-FRONT/89e34f34-33fa-4090-8388-f912a75e9400.json,pass,3,2,True
False,room_floor_mesh,31,18,True,scene_global_furniture_recovered;scene_global_mesh_recovered,True,livingroom,89e34f34-33fa-4090-8388-f912a75e9400_room_01,/wuqingyaoa800/chengjiajia_datas/dataset/JIAQI-CHEN/3D-Front/3D-FRONT/89e34f34-33fa-4090-8388-f912a75e9400.json,pass,7,2,True
False,room_floor_mesh,6,4,True,scene_global_furniture_recovered,True,bedroom,89e34f34-33fa-4090-8388-f912a75e9400_room_02,/wuqingyaoa800/chengjiajia_datas/dataset/JIAQI-CHEN/3D-Front/3D-FRONT/89e34f34-33fa-4090-8388-f912a75e9400.json,pass,8,0,True
False,room_floor_mesh,10,0,True,scene_global_furniture_recovered;scene_global_mesh_recovered,True,bedroom,89e34f34-33fa-4090-8388-f912a75e9400_room_07,/wuqingyaoa800/chengjiajia_datas/dataset/JIAQI-CHEN/3D-Front/3D-FRONT/89e34f34-33fa-4090-8388-f912a75e9400.json,pass,8,6,True
False,room_floor_mesh,10,3,True,scene_global_furniture_recovered;scene_global_mesh_recovered,True,livingroom,1c79cb23-f69d-4766-b829-2747eb6152c5_room_01,/wuqingyaoa800/chengjiajia_datas/dataset/JIAQI-CHEN/3D-Front/3D-FRONT/1c79cb23-f69d-4766-b829-2747eb6152c5.json,pass,0,0,False
False,room_floor_mesh,51,12,True,scene_global_furniture_recovered;scene_global_mesh_recovered,True,livingroom,f2e9f7ec-737a-472e-9e4a-9895805dea77_room_00,/wuqingyaoa800/chengjiajia_datas/dataset/JIAQI-CHEN/3D-Front/3D-FRONT/f2e9f7ec-737a-472e-9e4a-9895805dea77.json,pass,11,0,True
False,room_floor_mesh,14,0,True,scene_global_furniture_recovered;scene_global_mesh_recovered,True,diningroom,f2e9f7ec-737a-472e-9e4a-9895805dea77_room_01,/wuqingyaoa800/chengjiajia_datas/dataset/JIAQI-CHEN/3D-Front/3D-FRONT/f2e9f7ec-737a-472e-9e4a-9895805dea77.json,pass,4,4,False
False,room_floor_mesh,0,0,False,,True,bedroom,f2e9f7ec-737a-472e-9e4a-9895805dea77_room_05,/wuqingyaoa800/chengjiajia_datas/dataset/JIAQI-CHEN/3D-Front/3D-FRONT/f2e9f7ec-737a-472e-9e4a-9895805dea77.json,drop_no_recoverable_door_anchor,5,0,True
False,room_floor_mesh,14,0,True,scene_global_furniture_recovered;scene_global_mesh_recovered,False,cloakroom,f2e9f7ec-737a-472e-9e4a-9895805dea77_room_06,/wuqingyaoa800/chengjiajia_datas/dataset/JIAQI-CHEN/3D-Front/3D-FRONT/f2e9f7ec-737a-472e-9e4a-9895805dea77.json,pass,0,0,False
False,room_floor_mesh,8,8,False,,True,livingroom,d1407647-91dc-40de-b84c-1b74c6b5567c_room_02,/wuqingyaoa800/chengjiajia_datas/dataset/JIAQI-CHEN/3D-Front/3D-FRONT/d1407647-91dc-40de-b84c-1b74c6b5567c.json,pass,1,1,False
False,room_floor_mesh,6,0,True,scene_global_mesh_recovered,True,bedroom,d1407647-91dc-40de-b84c-1b74c6b5567c_room_04,/wuqingyaoa800/chengjiajia_datas/dataset/JIAQI-CHEN/3D-Front/3D-FRONT/d1407647-91dc-40de-b84c-1b74c6b5567c.json,pass,2,0,True
False,room_floor_mesh,4,2,True,scene_global_furniture_recovered;scene_global_mesh_recovered,True,bedroom,473f4a9e-505e-4864-9ffd-59a793b26d5a_room_05,/wuqingyaoa800/chengjiajia_datas/dataset/JIAQI-CHEN/3D-Front/3D-FRONT/473f4a9e-505e-4864-9ffd-59a793b26d5a.json,pass,8,2,True
False,room_floor_mesh,7,2,True,scene_global_furniture_recovered;scene_global_mesh_recovered,True,livingroom,473f4a9e-505e-4864-9ffd-59a793b26d5a_room_09,/wuqingyaoa800/chengjiajia_datas/dataset/JIAQI-CHEN/3D-Front/3D-FRONT/473f4a9e-505e-4864-9ffd-59a793b26d5a.json,pass,0,0,False
False,room_floor_mesh,2,0,True,scene_global_mesh_recovered,True,bedroom,f12586b0-d5a3-445c-9dca-8a40121851d5_room_01,/wuqingyaoa800/chengjiajia_datas/dataset/JIAQI-CHEN/3D-Front/3D-FRONT/f12586b0-d5a3-445c-9dca-8a40121851d5.json,pass,2,1,True
False,room_floor_mesh,2,0,True,scene_global_mesh_recovered,True,bedroom,f12586b0-d5a3-445c-9dca-8a40121851d5_room_04,/wuqingyaoa800/chengjiajia_datas/dataset/JIAQI-CHEN/3D-Front/3D-FRONT/f12586b0-d5a3-445c-9dca-8a40121851d5.json,pass,1,1,False
False,room_floor_mesh,7,3,True,scene_global_furniture_recovered,True,livingroom,19cccb78-90a9-4bcb-8fe0-76e92a94a35b_room_00,/wuqingyaoa800/chengjiajia_datas/dataset/JIAQI-CHEN/3D-Front/3D-FRONT/19cccb78-90a9-4bcb-8fe0-76e92a94a35b.json,pass,2,1,True
False,room_floor_mesh,2,1,True,scene_global_furniture_recovered,True,bedroom,19cccb78-90a9-4bcb-8fe0-76e92a94a35b_room_01,/wuqingyaoa800/chengjiajia_datas/dataset/JIAQI-CHEN/3D-Front/3D-FRONT/19cccb78-90a9-4bcb-8fe0-76e92a94a35b.json,pass,2,1,True
False,room_floor_mesh,18,12,True,scene_global_furniture_recovered;scene_global_mesh_recovered,True,livingroom,e00a2e97-8543-43a1-90b2-024c49de8157_room_07,/wuqingyaoa800/chengjiajia_datas/dataset/JIAQI-CHEN/3D-Front/3D-FRONT/e00a2e97-8543-43a1-90b2-024c49de8157.json,pass,0,0,False
False,room_floor_mesh,3,2,True,scene_global_furniture_recovered,True,livingroom,e3b3b6bd-7530-44d1-bf4b-29f7726627bd_room_01,/wuqingyaoa800/chengjiajia_datas/dataset/JIAQI-CHEN/3D-Front/3D-FRONT/e3b3b6bd-7530-44d1-bf4b-29f7726627bd.json,pass,6,4,True
False,room_floor_mesh,4,0,True,scene_global_mesh_recovered,True,bedroom,01e1d6b2-e3b3-4eb4-9969-b23088fab6a0_room_00,/wuqingyaoa800/chengjiajia_datas/dataset/JIAQI-CHEN/3D-Front/3D-FRONT/01e1d6b2-e3b3-4eb4-9969-b23088fab6a0.json,pass,1,1,False
False,room_floor_mesh,4,0,True,scene_global_mesh_recovered,True,bedroom,01e1d6b2-e3b3-4eb4-9969-b23088fab6a0_room_01,/wuqingyaoa800/chengjiajia_datas/dataset/JIAQI-CHEN/3D-Front/3D-FRONT/01e1d6b2-e3b3-4eb4-9969-b23088fab6a0.json,pass,1,1,False
False,room_floor_mesh,14,12,True,scene_global_mesh_recovered,True,livingroom,01e1d6b2-e3b3-4eb4-9969-b23088fab6a0_room_04,/wuqingyaoa800/chengjiajia_datas/dataset/JIAQI-CHEN/3D-Front/3D-FRONT/01e1d6b2-e3b3-4eb4-9969-b23088fab6a0.json,pass,1,0,True
False,room_floor_mesh,2,2,False,,True,study,01e1d6b2-e3b3-4eb4-9969-b23088fab6a0_room_05,/wuqingyaoa800/chengjiajia_datas/dataset/JIAQI-CHEN/3D-Front/3D-FRONT/01e1d6b2-e3b3-4eb4-9969-b23088fab6a0.json,pass,0,0,False
False,room_floor_mesh,17,6,True,scene_global_furniture_recovered;scene_global_mesh_recovered,True,livingroom,a5083c7f-3f56-4950-96c6-7f5241cd770b_room_00,/wuqingyaoa800/chengjiajia_datas/dataset/JIAQI-CHEN/3D-Front/3D-FRONT/a5083c7f-3f56-4950-96c6-7f5241cd770b.json,pass,9,9,False
False,room_floor_mesh,4,2,True,scene_global_mesh_recovered,False,cloakroom,7cb44194-7156-4c8f-94dc-3c0322833ef1_room_07,/wuqingyaoa800/chengjiajia_datas/dataset/JIAQI-CHEN/3D-Front/3D-FRONT/7cb44194-7156-4c8f-94dc-3c0322833ef1.json,pass,5,1,True
False,room_floor_mesh,6,2,True,scene_global_mesh_recovered,True,bedroom,7cb44194-7156-4c8f-94dc-3c0322833ef1_room_09,/wuqingyaoa800/chengjiajia_datas/dataset/JIAQI-CHEN/3D-Front/3D-FRONT/7cb44194-7156-4c8f-94dc-3c0322833ef1.json,pass,2,0,True
False,room_floor_mesh,4,0,True,scene_global_mesh_recovered,True,bedroom,0e008211-22a0-4f07-939c-6d453cf5991f_room_02,/wuqingyaoa800/chengjiajia_datas/dataset/JIAQI-CHEN/3D-Front/3D-FRONT/0e008211-22a0-4f07-939c-6d453cf5991f.json,pass,1,1,False
False,room_floor_mesh,4,0,True,scene_global_mesh_recovered,True,bedroom,0e008211-22a0-4f07-939c-6d453cf5991f_room_03,/wuqingyaoa800/chengjiajia_datas/dataset/JIAQI-CHEN/3D-Front/3D-FRONT/0e008211-22a0-4f07-939c-6d453cf5991f.json,pass,1,1,False
False,room_floor_mesh,16,12,True,scene_global_mesh_recovered,True,livingroom,f44dc241-42d4-43c8-a017-9d6d52a0e75d_room_02,/wuqingyaoa800/chengjiajia_datas/dataset/JIAQI-CHEN/3D-Front/3D-FRONT/f44dc241-42d4-43c8-a017-9d6d52a0e75d.json,pass,1,0,True
False,room_floor_mesh,4,0,True,scene_global_mesh_recovered,True,bedroom,f44dc241-42d4-43c8-a017-9d6d52a0e75d_room_05,/wuqingyaoa800/chengjiajia_datas/dataset/JIAQI-CHEN/3D-Front/3D-FRONT/f44dc241-42d4-43c8-a017-9d6d52a0e75d.json,pass,3,3,False
False,room_floor_mesh,6,2,True,scene_global_mesh_recovered,True,bedroom,f44dc241-42d4-43c8-a017-9d6d52a0e75d_room_06,/wuqingyaoa800/chengjiajia_datas/dataset/JIAQI-CHEN/3D-Front/3D-FRONT/f44dc241-42d4-43c8-a017-9d6d52a0e75d.json,pass,3,3,False
False,room_floor_mesh,4,0,True,scene_global_mesh_recovered,True,study,f44dc241-42d4-43c8-a017-9d6d52a0e75d_room_07,/wuqingyaoa800/chengjiajia_datas/dataset/JIAQI-CHEN/3D-Front/3D-FRONT/f44dc241-42d4-43c8-a017-9d6d52a0e75d.json,pass,2,2,False
False,room_floor_mesh,2,0,True,scene_global_mesh_recovered,True,bedroom,f44dc241-42d4-43c8-a017-9d6d52a0e75d_room_08,/wuqingyaoa800/chengjiajia_datas/dataset/JIAQI-CHEN/3D-Front/3D-FRONT/f44dc241-42d4-43c8-a017-9d6d52a0e75d.json,pass,3,0,True
False,room_floor_mesh,5,4,True,scene_global_furniture_recovered,True,livingroom,a55435d9-970c-439a-b61c-4b5a872cb8f9_room_00,/wuqingyaoa800/chengjiajia_datas/dataset/JIAQI-CHEN/3D-Front/3D-FRONT/a55435d9-970c-439a-b61c-4b5a872cb8f9.json,pass,7,6,True
False,room_floor_mesh,5,3,True,scene_global_furniture_recovered,True,bedroom,a55435d9-970c-439a-b61c-4b5a872cb8f9_room_02,/wuqingyaoa800/chengjiajia_datas/dataset/JIAQI-CHEN/3D-Front/3D-FRONT/a55435d9-970c-439a-b61c-4b5a872cb8f9.json,pass,3,2,True
False,room_floor_mesh,2,1,True,scene_global_furniture_recovered,True,bedroom,a55435d9-970c-439a-b61c-4b5a872cb8f9_room_03,/wuqingyaoa800/chengjiajia_datas/dataset/JIAQI-CHEN/3D-Front/3D-FRONT/a55435d9-970c-439a-b61c-4b5a872cb8f9.json,pass,3,2,True
False,room_floor_mesh,3,2,True,scene_global_furniture_recovered,True,bedroom,aee82a11-1d1f-47ff-80d5-902e800b839a_room_00,/wuqingyaoa800/chengjiajia_datas/dataset/JIAQI-CHEN/3D-Front/3D-FRONT/aee82a11-1d1f-47ff-80d5-902e800b839a.json,pass,3,2,True
False,room_floor_mesh,2,0,True,scene_global_furniture_recovered;scene_global_mesh_recovered,True,bedroom,aee82a11-1d1f-47ff-80d5-902e800b839a_room_02,/wuqingyaoa800/chengjiajia_datas/dataset/JIAQI-CHEN/3D-Front/3D-FRONT/aee82a11-1d1f-47ff-80d5-902e800b839a.json,pass,3,2,True
False,room_floor_mesh,2,1,True,scene_global_furniture_recovered,True,bedroom,891432cf-d8d7-4538-88c8-cb37a647ce93_room_00,/wuqingyaoa800/chengjiajia_datas/dataset/JIAQI-CHEN/3D-Front/3D-FRONT/891432cf-d8d7-4538-88c8-cb37a647ce93.json,pass,2,1,True
False,room_floor_mesh,6,2,True,scene_global_furniture_recovered,True,livingroom,891432cf-d8d7-4538-88c8-cb37a647ce93_room_02,/wuqingyaoa800/chengjiajia_datas/dataset/JIAQI-CHEN/3D-Front/3D-FRONT/891432cf-d8d7-4538-88c8-cb37a647ce93.json,pass,2,1,True
False,room_floor_mesh,4,1,True,scene_global_furniture_recovered;scene_global_mesh_recovered,True,bedroom,9b48a608-0054-40db-a41a-809d908b8127_room_05,/wuqingyaoa800/chengjiajia_datas/dataset/JIAQI-CHEN/3D-Front/3D-FRONT/9b48a608-0054-40db-a41a-809d908b8127.json,pass,3,2,True
False,room_floor_mesh,2,1,True,scene_global_furniture_recovered,True,bedroom,9b48a608-0054-40db-a41a-809d908b8127_room_06,/wuqingyaoa800/chengjiajia_datas/dataset/JIAQI-CHEN/3D-Front/3D-FRONT/9b48a608-0054-40db-a41a-809d908b8127.json,pass,9,4,True
False,room_floor_mesh,5,1,True,scene_global_furniture_recovered;scene_global_mesh_recovered,True,bedroom,9b48a608-0054-40db-a41a-809d908b8127_room_08,/wuqingyaoa800/chengjiajia_datas/dataset/JIAQI-CHEN/3D-Front/3D-FRONT/9b48a608-0054-40db-a41a-809d908b8127.json,pass,3,2,True
False,room_floor_mesh,14,2,True,scene_global_furniture_recovered;scene_global_mesh_recovered,True,bedroom,9b48a608-0054-40db-a41a-809d908b8127_room_09,/wuqingyaoa800/chengjiajia_datas/dataset/JIAQI-CHEN/3D-Front/3D-FRONT/9b48a608-0054-40db-a41a-809d908b8127.json,pass,3,0,True
False,room_floor_mesh,3,2,True,scene_global_furniture_recovered,True,bedroom,9b48a608-0054-40db-a41a-809d908b8127_room_10,/wuqingyaoa800/chengjiajia_datas/dataset/JIAQI-CHEN/3D-Front/3D-FRONT/9b48a608-0054-40db-a41a-809d908b8127.json,pass,4,2,True
False,room_floor_mesh,2,0,True,scene_global_mesh_recovered,True,livingroom,210aeb75-2fa2-4482-9b77-e72a20f804d2_room_00,/wuqingyaoa800/chengjiajia_datas/dataset/JIAQI-CHEN/3D-Front/3D-FRONT/210aeb75-2fa2-4482-9b77-e72a20f804d2.json,pass,1,1,False
False,room_floor_mesh,10,10,False,,True,diningroom,210aeb75-2fa2-4482-9b77-e72a20f804d2_room_02,/wuqingyaoa800/chengjiajia_datas/dataset/JIAQI-CHEN/3D-Front/3D-FRONT/210aeb75-2fa2-4482-9b77-e72a20f804d2.json,pass,0,0,False
False,room_floor_mesh,4,0,True,scene_global_mesh_recovered,True,bedroom,210aeb75-2fa2-4482-9b77-e72a20f804d2_room_03,/wuqingyaoa800/chengjiajia_datas/dataset/JIAQI-CHEN/3D-Front/3D-FRONT/210aeb75-2fa2-4482-9b77-e72a20f804d2.json,pass,1,1,False
False,room_floor_mesh,4,0,True,scene_global_mesh_recovered,True,bedroom,210aeb75-2fa2-4482-9b77-e72a20f804d2_room_05,/wuqingyaoa800/chengjiajia_datas/dataset/JIAQI-CHEN/3D-Front/3D-FRONT/210aeb75-2fa2-4482-9b77-e72a20f804d2.json,pass,1,1,False
False,room_floor_mesh,1,0,True,scene_global_furniture_recovered,True,bedroom,cbdc6e88-6835-4306-8020-e03b90f3279f_room_03,/wuqingyaoa800/chengjiajia_datas/dataset/JIAQI-CHEN/3D-Front/3D-FRONT/cbdc6e88-6835-4306-8020-e03b90f3279f.json,pass,2,1,True
False,room_floor_mesh,0,0,False,,True,livingroom,cbdc6e88-6835-4306-8020-e03b90f3279f_room_08,/wuqingyaoa800/chengjiajia_datas/dataset/JIAQI-CHEN/3D-Front/3D-FRONT/cbdc6e88-6835-4306-8020-e03b90f3279f.json,drop_no_recoverable_door_anchor,0,0,False
False,room_floor_mesh,2,2,False,,True,livingroom,5442e552-4595-4772-bf9e-eb10f8476e5c_room_03,/wuqingyaoa800/chengjiajia_datas/dataset/JIAQI-CHEN/3D-Front/3D-FRONT/5442e552-4595-4772-bf9e-eb10f8476e5c.json,pass,0,0,False
False,room_floor_mesh,7,4,True,scene_global_furniture_recovered,True,livingroom,ec85a756-84f3-422c-9a13-6eefe1503541_room_00,/wuqingyaoa800/chengjiajia_datas/dataset/JIAQI-CHEN/3D-Front/3D-FRONT/ec85a756-84f3-422c-9a13-6eefe1503541.json,pass,0,0,False
False,room_floor_mesh,1,0,True,scene_global_furniture_recovered,True,bedroom,ec85a756-84f3-422c-9a13-6eefe1503541_room_02,/wuqingyaoa800/chengjiajia_datas/dataset/JIAQI-CHEN/3D-Front/3D-FRONT/ec85a756-84f3-422c-9a13-6eefe1503541.json,pass,0,0,False
False,room_floor_mesh,2,0,True,scene_global_furniture_recovered;scene_global_mesh_recovered,True,livingroom,4f7c641a-cbcd-4d71-98ab-20ea86e27d9a_room_00,/wuqingyaoa800/chengjiajia_datas/dataset/JIAQI-CHEN/3D-Front/3D-FRONT/4f7c641a-cbcd-4d71-98ab-20ea86e27d9a.json,pass,3,0,True
False,room_floor_mesh,7,3,True,scene_global_furniture_recovered;scene_global_mesh_recovered,True,diningroom,4f7c641a-cbcd-4d71-98ab-20ea86e27d9a_room_03,/wuqingyaoa800/chengjiajia_datas/dataset/JIAQI-CHEN/3D-Front/3D-FRONT/4f7c641a-cbcd-4d71-98ab-20ea86e27d9a.json,pass,1,1,False
